[2025-07-30 21:42:42.266] [INFO] app.log file deleted successfully
[2025-07-30 21:42:43.130] [INFO] CaptureTrackingService: Папка трекинга очищена: C:\apps\jforex-trading-terminal-win10\bin\Debug\net6.0-windows\Tracking\captures
[2025-07-30 21:42:43.130] [DEBUG] CaptureTrackingService: Обработка capture ID=20250730195352698, Handle=2753632, X=1233, Y=263, W=378, H=188
[2025-07-30 21:42:43.130] [ERROR] CaptureWindow: Invalid window size width=0, height=0 for handle=2753632
[2025-07-30 21:42:43.131] [WARNING] CaptureTrackingService: Не удалось получить скриншот окна Handle=2753632
[2025-07-30 21:42:43.131] [DEBUG] CaptureTrackingService: Обработка capture ID=20250730201131876, Handle=2753632, X=1039, Y=573, W=430, H=131
[2025-07-30 21:42:43.131] [ERROR] CaptureWindow: Invalid window size width=0, height=0 for handle=2753632
[2025-07-30 21:42:43.132] [WARNING] CaptureTrackingService: Не удалось получить скриншот окна Handle=2753632
[2025-07-30 21:42:43.132] [DEBUG] CaptureTrackingService: Обработка capture ID=20250730213719454, Handle=459708, X=1177, Y=489, W=353, H=181
[2025-07-30 21:42:43.147] [DEBUG] TrendlineBreakDetector: Start DetectBreakoutOHLC, bitmap size: 353x181
[2025-07-30 21:42:43.170] [DEBUG] TrendlineBreakDetector: Found 0 white pixels
[2025-07-30 21:42:43.170] [DEBUG] TrendlineBreakDetector: Found 0 clusters
[2025-07-30 21:42:43.171] [INFO] TrendlineBreakDetector: No white line cluster detected
[2025-07-30 21:42:43.173] [INFO] CaptureTrackingService: [C:\apps\jforex-trading-terminal-win10\bin\Debug\net6.0-windows\CAPTURES\20250730213719454\tracking.png] Trendline not detected.
[2025-07-30 21:42:43.174] [DEBUG] CaptureTrackingService: TrendlineBreakDetector result for C:\apps\jforex-trading-terminal-win10\bin\Debug\net6.0-windows\CAPTURES\20250730213719454\tracking.png: NoTrendline
[2025-07-30 21:42:43.932] [DEBUG] Status: Found and brought 2 window(s) to foreground: XAU/USD, T8, XAU/USD, T144
[2025-07-30 21:42:44.194] [INFO] CaptureTrackingService: Папка трекинга очищена: C:\apps\jforex-trading-terminal-win10\bin\Debug\net6.0-windows\Tracking\captures
[2025-07-30 21:42:44.194] [DEBUG] CaptureTrackingService: Обработка capture ID=20250730195352698, Handle=2753632, X=1233, Y=263, W=378, H=188
[2025-07-30 21:42:44.194] [ERROR] CaptureWindow: Invalid window size width=0, height=0 for handle=2753632
[2025-07-30 21:42:44.194] [WARNING] CaptureTrackingService: Не удалось получить скриншот окна Handle=2753632
[2025-07-30 21:42:44.194] [DEBUG] CaptureTrackingService: Обработка capture ID=20250730201131876, Handle=2753632, X=1039, Y=573, W=430, H=131
[2025-07-30 21:42:44.194] [ERROR] CaptureWindow: Invalid window size width=0, height=0 for handle=2753632
[2025-07-30 21:42:44.196] [WARNING] CaptureTrackingService: Не удалось получить скриншот окна Handle=2753632
[2025-07-30 21:42:44.196] [DEBUG] CaptureTrackingService: Обработка capture ID=20250730213719454, Handle=459708, X=1177, Y=489, W=353, H=181
[2025-07-30 21:42:44.210] [INFO] Applied default toolbar settings for window 459708
[2025-07-30 21:42:44.210] [INFO] Overlay positioned on window 459708 (symbol: XAUUSD): Left=1920, Top=0, Width=1920
[2025-07-30 21:42:44.218] [DEBUG] TrendlineBreakDetector: Start DetectBreakoutOHLC, bitmap size: 353x181
[2025-07-30 21:42:44.241] [DEBUG] TrendlineBreakDetector: Found 0 white pixels
[2025-07-30 21:42:44.242] [DEBUG] TrendlineBreakDetector: Found 0 clusters
[2025-07-30 21:42:44.242] [INFO] TrendlineBreakDetector: No white line cluster detected
[2025-07-30 21:42:44.244] [INFO] CaptureTrackingService: [C:\apps\jforex-trading-terminal-win10\bin\Debug\net6.0-windows\CAPTURES\20250730213719454\tracking.png] Trendline not detected.
[2025-07-30 21:42:44.244] [DEBUG] CaptureTrackingService: TrendlineBreakDetector result for C:\apps\jforex-trading-terminal-win10\bin\Debug\net6.0-windows\CAPTURES\20250730213719454\tracking.png: NoTrendline
[2025-07-30 21:42:45.045] [DEBUG] Space key detected and service is enabled
[2025-07-30 21:42:45.049] [DEBUG] Target window captured (Handle: 0x703BC)
[2025-07-30 21:42:45.103] [INFO] Window activated - focus set to InkCanvas
[2025-07-30 21:42:45.106] [INFO] Window loaded for handler 459708
[2025-07-30 21:42:45.297] [INFO] InkCanvas initialized successfully with Yellow brush for DrawingCanvas and White for TradingCanvas
[2025-07-30 21:42:45.312] [INFO] CaptureTrackingService: Папка трекинга очищена: C:\apps\jforex-trading-terminal-win10\bin\Debug\net6.0-windows\Tracking\captures
[2025-07-30 21:42:45.312] [DEBUG] CaptureTrackingService: Обработка capture ID=20250730195352698, Handle=2753632, X=1233, Y=263, W=378, H=188
[2025-07-30 21:42:45.312] [ERROR] CaptureWindow: Invalid window size width=0, height=0 for handle=2753632
[2025-07-30 21:42:45.312] [WARNING] CaptureTrackingService: Не удалось получить скриншот окна Handle=2753632
[2025-07-30 21:42:45.313] [DEBUG] CaptureTrackingService: Обработка capture ID=20250730201131876, Handle=2753632, X=1039, Y=573, W=430, H=131
[2025-07-30 21:42:45.313] [ERROR] CaptureWindow: Invalid window size width=0, height=0 for handle=2753632
[2025-07-30 21:42:45.313] [WARNING] CaptureTrackingService: Не удалось получить скриншот окна Handle=2753632
[2025-07-30 21:42:45.313] [DEBUG] CaptureTrackingService: Обработка capture ID=20250730213719454, Handle=459708, X=1177, Y=489, W=353, H=181
[2025-07-30 21:42:45.325] [INFO] Canvas loaded: C:\apps\jforex-trading-terminal-win10\bin\Debug\net6.0-windows\Canvases\459708.xaml
[2025-07-30 21:42:45.327] [INFO] Brush mode updated: Simple mode
[2025-07-30 21:42:45.329] [INFO] Active symbol display updated: XAUUSD
[2025-07-30 21:42:45.330] [DEBUG] TrendlineBreakDetector: Start DetectBreakoutOHLC, bitmap size: 353x181
[2025-07-30 21:42:45.355] [DEBUG] TrendlineBreakDetector: Found 0 white pixels
[2025-07-30 21:42:45.355] [DEBUG] TrendlineBreakDetector: Found 0 clusters
[2025-07-30 21:42:45.355] [INFO] TrendlineBreakDetector: No white line cluster detected
[2025-07-30 21:42:45.359] [INFO] CaptureTrackingService: [C:\apps\jforex-trading-terminal-win10\bin\Debug\net6.0-windows\CAPTURES\20250730213719454\tracking.png] Trendline not detected.
[2025-07-30 21:42:45.360] [DEBUG] CaptureTrackingService: TrendlineBreakDetector result for C:\apps\jforex-trading-terminal-win10\bin\Debug\net6.0-windows\CAPTURES\20250730213719454\tracking.png: NoTrendline
[2025-07-30 21:42:45.365] [DEBUG] Canvas window opened
[2025-07-30 21:42:45.365] [DEBUG] New CanvasWindow opened
[2025-07-30 21:42:46.285] [DEBUG] Space key detected and service is enabled
[2025-07-30 21:42:46.287] [INFO] Brush mode updated: Trading mode
[2025-07-30 21:42:46.288] [DEBUG] Space pressed over CanvasWindow: toggled trading mode
[2025-07-30 21:42:46.430] [INFO] CaptureTrackingService: Папка трекинга очищена: C:\apps\jforex-trading-terminal-win10\bin\Debug\net6.0-windows\Tracking\captures
[2025-07-30 21:42:46.430] [DEBUG] CaptureTrackingService: Обработка capture ID=20250730195352698, Handle=2753632, X=1233, Y=263, W=378, H=188
[2025-07-30 21:42:46.430] [ERROR] CaptureWindow: Invalid window size width=0, height=0 for handle=2753632
[2025-07-30 21:42:46.430] [WARNING] CaptureTrackingService: Не удалось получить скриншот окна Handle=2753632
[2025-07-30 21:42:46.431] [DEBUG] CaptureTrackingService: Обработка capture ID=20250730201131876, Handle=2753632, X=1039, Y=573, W=430, H=131
[2025-07-30 21:42:46.431] [ERROR] CaptureWindow: Invalid window size width=0, height=0 for handle=2753632
[2025-07-30 21:42:46.431] [WARNING] CaptureTrackingService: Не удалось получить скриншот окна Handle=2753632
[2025-07-30 21:42:46.431] [DEBUG] CaptureTrackingService: Обработка capture ID=20250730213719454, Handle=459708, X=1177, Y=489, W=353, H=181
[2025-07-30 21:42:46.446] [DEBUG] TrendlineBreakDetector: Start DetectBreakoutOHLC, bitmap size: 353x181
[2025-07-30 21:42:46.468] [DEBUG] TrendlineBreakDetector: Found 0 white pixels
[2025-07-30 21:42:46.468] [DEBUG] TrendlineBreakDetector: Found 0 clusters
[2025-07-30 21:42:46.469] [INFO] TrendlineBreakDetector: No white line cluster detected
[2025-07-30 21:42:46.471] [INFO] CaptureTrackingService: [C:\apps\jforex-trading-terminal-win10\bin\Debug\net6.0-windows\CAPTURES\20250730213719454\tracking.png] Trendline not detected.
[2025-07-30 21:42:46.471] [DEBUG] CaptureTrackingService: TrendlineBreakDetector result for C:\apps\jforex-trading-terminal-win10\bin\Debug\net6.0-windows\CAPTURES\20250730213719454\tracking.png: NoTrendline
[2025-07-30 21:42:47.015] [INFO] Mouse move on InkCanvas at 1199;680
[2025-07-30 21:42:47.017] [INFO] Mouse move on InkCanvas at 1200;680
[2025-07-30 21:42:47.024] [INFO] Mouse move on InkCanvas at 1203;679
[2025-07-30 21:42:47.032] [INFO] Mouse move on InkCanvas at 1209;676
[2025-07-30 21:42:47.040] [INFO] Mouse move on InkCanvas at 1217;671
[2025-07-30 21:42:47.048] [INFO] Mouse move on InkCanvas at 1230;664
[2025-07-30 21:42:47.056] [INFO] Mouse move on InkCanvas at 1251;652
[2025-07-30 21:42:47.064] [INFO] Mouse move on InkCanvas at 1275;638
[2025-07-30 21:42:47.072] [INFO] Mouse move on InkCanvas at 1304;624
[2025-07-30 21:42:47.080] [INFO] Mouse move on InkCanvas at 1338;608
[2025-07-30 21:42:47.088] [INFO] Mouse move on InkCanvas at 1374;592
[2025-07-30 21:42:47.096] [INFO] Mouse move on InkCanvas at 1413;577
[2025-07-30 21:42:47.104] [INFO] Mouse move on InkCanvas at 1447;563
[2025-07-30 21:42:47.112] [INFO] Mouse move on InkCanvas at 1475;553
[2025-07-30 21:42:47.120] [INFO] Mouse move on InkCanvas at 1492;545
[2025-07-30 21:42:47.128] [INFO] Mouse move on InkCanvas at 1505;540
[2025-07-30 21:42:47.136] [INFO] Mouse move on InkCanvas at 1514;536
[2025-07-30 21:42:47.144] [INFO] Mouse move on InkCanvas at 1521;534
[2025-07-30 21:42:47.152] [INFO] Mouse move on InkCanvas at 1526;531
[2025-07-30 21:42:47.160] [INFO] Mouse move on InkCanvas at 1529;529
[2025-07-30 21:42:47.168] [INFO] Mouse move on InkCanvas at 1531;529
[2025-07-30 21:42:47.248] [INFO] Mouse move on InkCanvas at 1529;529
[2025-07-30 21:42:47.256] [INFO] Mouse move on InkCanvas at 1526;529
[2025-07-30 21:42:47.260] [INFO] Trading stroke collected - processing immediately
[2025-07-30 21:42:47.262] [INFO] Processing trading stroke directly: Point1=(1199, 680), Point2=(1526, 529)
[2025-07-30 21:42:47.266] [INFO] CaptureData created: ID=20250730214247265, Symbol=XAUUSD, Risk=1, Duration=2, Broker=Forex, Source=window
[2025-07-30 21:42:47.332] [INFO] Settings updated from capture
[2025-07-30 21:42:47.333] [INFO] CaptureData saved to database: ID=20250730214247265
[2025-07-30 21:42:47.333] [INFO] Closing CanvasWindow for trading mode
[2025-07-30 21:42:47.334] [INFO] Window closing: saving canvas
[2025-07-30 21:42:47.343] [ERROR] Error saving canvas: Значение параметра должно быть больше 0. (Parameter 'pixelWidth')
Exception: Значение параметра должно быть больше 0. (Parameter 'pixelWidth')
StackTrace:    at System.Windows.Media.Imaging.RenderTargetBitmap..ctor(Int32 pixelWidth, Int32 pixelHeight, Double dpiX, Double dpiY, PixelFormat pixelFormat)
   at ScreenCaptureApp.CanvasWindow.SaveCanvas() in C:\apps\jforex-trading-terminal-win10\CanvasWindow.xaml.cs:line 543
[2025-07-30 21:42:47.343] [INFO] Canvas saved properly
[2025-07-30 21:42:47.354] [INFO] Mouse up on InkCanvas at 0;0
[2025-07-30 21:42:47.476] [INFO] CaptureTrackingService: Папка трекинга очищена: C:\apps\jforex-trading-terminal-win10\bin\Debug\net6.0-windows\Tracking\captures
[2025-07-30 21:42:47.476] [DEBUG] CaptureTrackingService: Обработка capture ID=20250730195352698, Handle=2753632, X=1233, Y=263, W=378, H=188
[2025-07-30 21:42:47.476] [ERROR] CaptureWindow: Invalid window size width=0, height=0 for handle=2753632
[2025-07-30 21:42:47.476] [WARNING] CaptureTrackingService: Не удалось получить скриншот окна Handle=2753632
[2025-07-30 21:42:47.476] [DEBUG] CaptureTrackingService: Обработка capture ID=20250730201131876, Handle=2753632, X=1039, Y=573, W=430, H=131
[2025-07-30 21:42:47.476] [ERROR] CaptureWindow: Invalid window size width=0, height=0 for handle=2753632
[2025-07-30 21:42:47.476] [WARNING] CaptureTrackingService: Не удалось получить скриншот окна Handle=2753632
[2025-07-30 21:42:47.477] [DEBUG] CaptureTrackingService: Обработка capture ID=20250730213719454, Handle=459708, X=1177, Y=489, W=353, H=181
[2025-07-30 21:42:47.491] [DEBUG] TrendlineBreakDetector: Start DetectBreakoutOHLC, bitmap size: 353x181
[2025-07-30 21:42:47.514] [DEBUG] TrendlineBreakDetector: Found 0 white pixels
[2025-07-30 21:42:47.514] [DEBUG] TrendlineBreakDetector: Found 0 clusters
[2025-07-30 21:42:47.514] [INFO] TrendlineBreakDetector: No white line cluster detected
[2025-07-30 21:42:47.517] [INFO] CaptureTrackingService: [C:\apps\jforex-trading-terminal-win10\bin\Debug\net6.0-windows\CAPTURES\20250730213719454\tracking.png] Trendline not detected.
[2025-07-30 21:42:47.517] [DEBUG] CaptureTrackingService: TrendlineBreakDetector result for C:\apps\jforex-trading-terminal-win10\bin\Debug\net6.0-windows\CAPTURES\20250730213719454\tracking.png: NoTrendline
[2025-07-30 21:42:47.519] [DEBUG] CaptureTrackingService: Обработка capture ID=20250730214247265, Handle=459708, X=1178, Y=508, W=374, H=192
[2025-07-30 21:42:47.536] [DEBUG] TrendlineBreakDetector: Start DetectBreakoutOHLC, bitmap size: 374x192
[2025-07-30 21:42:47.562] [DEBUG] TrendlineBreakDetector: Found 0 white pixels
[2025-07-30 21:42:47.562] [DEBUG] TrendlineBreakDetector: Found 0 clusters
[2025-07-30 21:42:47.562] [INFO] TrendlineBreakDetector: No white line cluster detected
[2025-07-30 21:42:47.566] [INFO] CaptureTrackingService: [C:\apps\jforex-trading-terminal-win10\bin\Debug\net6.0-windows\CAPTURES\20250730214247265\tracking.png] Trendline not detected.
[2025-07-30 21:42:47.567] [DEBUG] CaptureTrackingService: TrendlineBreakDetector result for C:\apps\jforex-trading-terminal-win10\bin\Debug\net6.0-windows\CAPTURES\20250730214247265\tracking.png: NoTrendline
[2025-07-30 21:42:47.697] [INFO] Adding trendline to GForex with direct mouse actions
[2025-07-30 21:42:48.073] [INFO] Converted coordinates: Point1=(-721, 680), Point2=(-394, 529)
[2025-07-30 21:42:48.439] [INFO] Trendline successfully added to GForex with direct mouse actions
[2025-07-30 21:42:48.439] [INFO] Trading stroke processing completed
[2025-07-30 21:42:48.439] [INFO] Trendline drawn successfully - triggering space hotkey callback
[2025-07-30 21:42:48.583] [INFO] CaptureTrackingService: Папка трекинга очищена: C:\apps\jforex-trading-terminal-win10\bin\Debug\net6.0-windows\Tracking\captures
[2025-07-30 21:42:48.584] [DEBUG] CaptureTrackingService: Обработка capture ID=20250730195352698, Handle=2753632, X=1233, Y=263, W=378, H=188
[2025-07-30 21:42:48.584] [ERROR] CaptureWindow: Invalid window size width=0, height=0 for handle=2753632
[2025-07-30 21:42:48.584] [WARNING] CaptureTrackingService: Не удалось получить скриншот окна Handle=2753632
[2025-07-30 21:42:48.584] [DEBUG] CaptureTrackingService: Обработка capture ID=20250730201131876, Handle=2753632, X=1039, Y=573, W=430, H=131
[2025-07-30 21:42:48.584] [ERROR] CaptureWindow: Invalid window size width=0, height=0 for handle=2753632
[2025-07-30 21:42:48.584] [WARNING] CaptureTrackingService: Не удалось получить скриншот окна Handle=2753632
[2025-07-30 21:42:48.585] [DEBUG] CaptureTrackingService: Обработка capture ID=20250730213719454, Handle=459708, X=1177, Y=489, W=353, H=181
[2025-07-30 21:42:48.597] [DEBUG] TrendlineBreakDetector: Start DetectBreakoutOHLC, bitmap size: 353x181
[2025-07-30 21:42:48.618] [DEBUG] TrendlineBreakDetector: Found 0 white pixels
[2025-07-30 21:42:48.619] [DEBUG] TrendlineBreakDetector: Found 0 clusters
[2025-07-30 21:42:48.619] [INFO] TrendlineBreakDetector: No white line cluster detected
[2025-07-30 21:42:48.622] [INFO] CaptureTrackingService: [C:\apps\jforex-trading-terminal-win10\bin\Debug\net6.0-windows\CAPTURES\20250730213719454\tracking.png] Trendline not detected.
[2025-07-30 21:42:48.622] [DEBUG] CaptureTrackingService: TrendlineBreakDetector result for C:\apps\jforex-trading-terminal-win10\bin\Debug\net6.0-windows\CAPTURES\20250730213719454\tracking.png: NoTrendline
[2025-07-30 21:42:48.624] [DEBUG] CaptureTrackingService: Обработка capture ID=20250730214247265, Handle=459708, X=1178, Y=508, W=374, H=192
[2025-07-30 21:42:48.637] [DEBUG] TrendlineBreakDetector: Start DetectBreakoutOHLC, bitmap size: 374x192
[2025-07-30 21:42:48.661] [DEBUG] TrendlineBreakDetector: Found 0 white pixels
[2025-07-30 21:42:48.661] [DEBUG] TrendlineBreakDetector: Found 0 clusters
[2025-07-30 21:42:48.661] [INFO] TrendlineBreakDetector: No white line cluster detected
[2025-07-30 21:42:48.664] [INFO] CaptureTrackingService: [C:\apps\jforex-trading-terminal-win10\bin\Debug\net6.0-windows\CAPTURES\20250730214247265\tracking.png] Trendline not detected.
[2025-07-30 21:42:48.664] [DEBUG] CaptureTrackingService: TrendlineBreakDetector result for C:\apps\jforex-trading-terminal-win10\bin\Debug\net6.0-windows\CAPTURES\20250730214247265\tracking.png: NoTrendline
[2025-07-30 21:42:49.472] [INFO] Applied default toolbar settings for window 458778
[2025-07-30 21:42:49.473] [INFO] Overlay positioned on window 458778 (symbol: XAUUSD): Left=0, Top=0, Width=1920
[2025-07-30 21:42:49.680] [INFO] CaptureTrackingService: Папка трекинга очищена: C:\apps\jforex-trading-terminal-win10\bin\Debug\net6.0-windows\Tracking\captures
[2025-07-30 21:42:49.680] [DEBUG] CaptureTrackingService: Обработка capture ID=20250730195352698, Handle=2753632, X=1233, Y=263, W=378, H=188
[2025-07-30 21:42:49.680] [ERROR] CaptureWindow: Invalid window size width=0, height=0 for handle=2753632
[2025-07-30 21:42:49.680] [WARNING] CaptureTrackingService: Не удалось получить скриншот окна Handle=2753632
[2025-07-30 21:42:49.680] [DEBUG] CaptureTrackingService: Обработка capture ID=20250730201131876, Handle=2753632, X=1039, Y=573, W=430, H=131
[2025-07-30 21:42:49.680] [ERROR] CaptureWindow: Invalid window size width=0, height=0 for handle=2753632
[2025-07-30 21:42:49.680] [WARNING] CaptureTrackingService: Не удалось получить скриншот окна Handle=2753632
[2025-07-30 21:42:49.681] [DEBUG] CaptureTrackingService: Обработка capture ID=20250730213719454, Handle=459708, X=1177, Y=489, W=353, H=181
[2025-07-30 21:42:49.694] [DEBUG] TrendlineBreakDetector: Start DetectBreakoutOHLC, bitmap size: 353x181
[2025-07-30 21:42:49.715] [DEBUG] TrendlineBreakDetector: Found 0 white pixels
[2025-07-30 21:42:49.716] [DEBUG] TrendlineBreakDetector: Found 0 clusters
[2025-07-30 21:42:49.716] [INFO] TrendlineBreakDetector: No white line cluster detected
[2025-07-30 21:42:49.718] [INFO] CaptureTrackingService: [C:\apps\jforex-trading-terminal-win10\bin\Debug\net6.0-windows\CAPTURES\20250730213719454\tracking.png] Trendline not detected.
[2025-07-30 21:42:49.719] [DEBUG] CaptureTrackingService: TrendlineBreakDetector result for C:\apps\jforex-trading-terminal-win10\bin\Debug\net6.0-windows\CAPTURES\20250730213719454\tracking.png: NoTrendline
[2025-07-30 21:42:49.720] [DEBUG] CaptureTrackingService: Обработка capture ID=20250730214247265, Handle=459708, X=1178, Y=508, W=374, H=192
[2025-07-30 21:42:49.733] [DEBUG] TrendlineBreakDetector: Start DetectBreakoutOHLC, bitmap size: 374x192
[2025-07-30 21:42:49.757] [DEBUG] TrendlineBreakDetector: Found 0 white pixels
[2025-07-30 21:42:49.757] [DEBUG] TrendlineBreakDetector: Found 0 clusters
[2025-07-30 21:42:49.758] [INFO] TrendlineBreakDetector: No white line cluster detected
[2025-07-30 21:42:49.760] [INFO] CaptureTrackingService: [C:\apps\jforex-trading-terminal-win10\bin\Debug\net6.0-windows\CAPTURES\20250730214247265\tracking.png] Trendline not detected.
[2025-07-30 21:42:49.761] [DEBUG] CaptureTrackingService: TrendlineBreakDetector result for C:\apps\jforex-trading-terminal-win10\bin\Debug\net6.0-windows\CAPTURES\20250730214247265\tracking.png: NoTrendline
[2025-07-30 21:42:50.774] [INFO] CaptureTrackingService: Папка трекинга очищена: C:\apps\jforex-trading-terminal-win10\bin\Debug\net6.0-windows\Tracking\captures
[2025-07-30 21:42:50.774] [DEBUG] CaptureTrackingService: Обработка capture ID=20250730195352698, Handle=2753632, X=1233, Y=263, W=378, H=188
[2025-07-30 21:42:50.774] [ERROR] CaptureWindow: Invalid window size width=0, height=0 for handle=2753632
[2025-07-30 21:42:50.774] [WARNING] CaptureTrackingService: Не удалось получить скриншот окна Handle=2753632
[2025-07-30 21:42:50.775] [DEBUG] CaptureTrackingService: Обработка capture ID=20250730201131876, Handle=2753632, X=1039, Y=573, W=430, H=131
[2025-07-30 21:42:50.775] [ERROR] CaptureWindow: Invalid window size width=0, height=0 for handle=2753632
[2025-07-30 21:42:50.775] [WARNING] CaptureTrackingService: Не удалось получить скриншот окна Handle=2753632
[2025-07-30 21:42:50.775] [DEBUG] CaptureTrackingService: Обработка capture ID=20250730213719454, Handle=459708, X=1177, Y=489, W=353, H=181
[2025-07-30 21:42:50.790] [DEBUG] TrendlineBreakDetector: Start DetectBreakoutOHLC, bitmap size: 353x181
[2025-07-30 21:42:50.813] [DEBUG] TrendlineBreakDetector: Found 0 white pixels
[2025-07-30 21:42:50.813] [DEBUG] TrendlineBreakDetector: Found 0 clusters
[2025-07-30 21:42:50.813] [INFO] TrendlineBreakDetector: No white line cluster detected
[2025-07-30 21:42:50.816] [INFO] CaptureTrackingService: [C:\apps\jforex-trading-terminal-win10\bin\Debug\net6.0-windows\CAPTURES\20250730213719454\tracking.png] Trendline not detected.
[2025-07-30 21:42:50.816] [DEBUG] CaptureTrackingService: TrendlineBreakDetector result for C:\apps\jforex-trading-terminal-win10\bin\Debug\net6.0-windows\CAPTURES\20250730213719454\tracking.png: NoTrendline
[2025-07-30 21:42:50.817] [DEBUG] CaptureTrackingService: Обработка capture ID=20250730214247265, Handle=459708, X=1178, Y=508, W=374, H=192
[2025-07-30 21:42:50.832] [DEBUG] TrendlineBreakDetector: Start DetectBreakoutOHLC, bitmap size: 374x192
[2025-07-30 21:42:50.859] [DEBUG] TrendlineBreakDetector: Found 0 white pixels
[2025-07-30 21:42:50.859] [DEBUG] TrendlineBreakDetector: Found 0 clusters
[2025-07-30 21:42:50.859] [INFO] TrendlineBreakDetector: No white line cluster detected
[2025-07-30 21:42:50.863] [INFO] CaptureTrackingService: [C:\apps\jforex-trading-terminal-win10\bin\Debug\net6.0-windows\CAPTURES\20250730214247265\tracking.png] Trendline not detected.
[2025-07-30 21:42:50.864] [DEBUG] CaptureTrackingService: TrendlineBreakDetector result for C:\apps\jforex-trading-terminal-win10\bin\Debug\net6.0-windows\CAPTURES\20250730214247265\tracking.png: NoTrendline
[2025-07-30 21:42:51.548] [INFO] MainWindow closing - cleaning up resources
[2025-07-30 21:42:51.552] [INFO] SimpleTradingOverlay closed
[2025-07-30 21:42:51.554] [INFO] Disconnecting from MT4 socket
[2025-07-30 21:42:51.555] [WARNING] Not connected to MT4 socket
[2025-07-30 21:42:51.556] [INFO] Disconnecting from Pocket Option socket
[2025-07-30 21:42:51.556] [WARNING] Not connected to Pocket Option socket
[2025-07-30 21:42:51.557] [INFO] All services cleaned up
[2025-07-30 21:42:51.557] [INFO] MainWindow cleanup completed
[2025-07-30 21:42:51.557] [INFO] Disconnecting from MT4 socket
[2025-07-30 21:42:51.557] [WARNING] Not connected to MT4 socket
[2025-07-30 21:42:51.557] [INFO] Disconnecting from Pocket Option socket
[2025-07-30 21:42:51.557] [WARNING] Not connected to Pocket Option socket
[2025-07-30 21:42:51.558] [INFO] All services cleaned up
[2025-07-30 21:52:06.962] [INFO] MT4 Socket Service initialized
[2025-07-30 21:52:06.971] [INFO] Binary Options Socket Service initialized
[2025-07-30 21:52:06.975] [INFO] All services registered in DI container
[2025-07-30 21:52:06.978] [INFO] Attempting to connect to Pocket Option socket at 192.168.0.3:65300
[2025-07-30 21:52:07.155] [INFO] MT4 Socket Service initialized in MainWindow
[2025-07-30 21:52:07.156] [INFO] MT4 Socket Service subscribed to CaptureTrackingService BreakoutDetected event
[2025-07-30 21:52:07.156] [INFO] Binary Options Socket Service subscribed to CaptureTrackingService BreakoutDetected event
[2025-07-30 21:52:07.208] [INFO] Mouse hook set successfully
[2025-07-30 21:52:07.208] [INFO] SimpleTradingOverlay initialized successfully
[2025-07-30 21:52:07.332] [INFO] CaptureTrackingService: Папка трекинга очищена: C:\apps\jforex-trading-terminal-win10\bin\Debug\net6.0-windows\Tracking\captures
[2025-07-30 21:52:07.332] [DEBUG] CaptureTrackingService: Обработка capture ID=20250730195352698, Handle=2753632, X=1233, Y=263, W=378, H=188
[2025-07-30 21:52:07.335] [ERROR] CaptureWindow: Invalid window size width=0, height=0 for handle=2753632
[2025-07-30 21:52:07.335] [WARNING] CaptureTrackingService: Не удалось получить скриншот окна Handle=2753632
[2025-07-30 21:52:07.335] [DEBUG] CaptureTrackingService: Обработка capture ID=20250730201131876, Handle=2753632, X=1039, Y=573, W=430, H=131
[2025-07-30 21:52:07.336] [ERROR] CaptureWindow: Invalid window size width=0, height=0 for handle=2753632
[2025-07-30 21:52:07.336] [WARNING] CaptureTrackingService: Не удалось получить скриншот окна Handle=2753632
[2025-07-30 21:52:07.336] [DEBUG] CaptureTrackingService: Обработка capture ID=20250730213719454, Handle=459708, X=1177, Y=489, W=353, H=181
[2025-07-30 21:52:07.365] [DEBUG] TrendlineBreakDetector: Start DetectBreakoutOHLC, bitmap size: 353x181
[2025-07-30 21:52:07.393] [DEBUG] TrendlineBreakDetector: Found 0 white pixels
[2025-07-30 21:52:07.394] [DEBUG] TrendlineBreakDetector: Found 0 clusters
[2025-07-30 21:52:07.394] [INFO] TrendlineBreakDetector: No white line cluster detected
[2025-07-30 21:52:07.401] [INFO] CaptureTrackingService: [C:\apps\jforex-trading-terminal-win10\bin\Debug\net6.0-windows\CAPTURES\20250730213719454\tracking.png] Trendline not detected.
[2025-07-30 21:52:07.402] [DEBUG] CaptureTrackingService: TrendlineBreakDetector result for C:\apps\jforex-trading-terminal-win10\bin\Debug\net6.0-windows\CAPTURES\20250730213719454\tracking.png: NoTrendline
[2025-07-30 21:52:07.403] [DEBUG] CaptureTrackingService: Обработка capture ID=20250730214247265, Handle=459708, X=1178, Y=508, W=374, H=192
[2025-07-30 21:52:07.416] [DEBUG] TrendlineBreakDetector: Start DetectBreakoutOHLC, bitmap size: 374x192
[2025-07-30 21:52:07.444] [DEBUG] TrendlineBreakDetector: Found 0 white pixels
[2025-07-30 21:52:07.444] [DEBUG] TrendlineBreakDetector: Found 0 clusters
[2025-07-30 21:52:07.444] [INFO] TrendlineBreakDetector: No white line cluster detected
[2025-07-30 21:52:07.447] [INFO] CaptureTrackingService: [C:\apps\jforex-trading-terminal-win10\bin\Debug\net6.0-windows\CAPTURES\20250730214247265\tracking.png] Trendline not detected.
[2025-07-30 21:52:07.447] [DEBUG] CaptureTrackingService: TrendlineBreakDetector result for C:\apps\jforex-trading-terminal-win10\bin\Debug\net6.0-windows\CAPTURES\20250730214247265\tracking.png: NoTrendline
[2025-07-30 21:52:07.560] [INFO] === MONITOR INFORMATION ===
[2025-07-30 21:52:07.560] [INFO] Total monitors detected: 2
[2025-07-30 21:52:07.561] [INFO] Monitor 0:
[2025-07-30 21:52:07.561] [INFO]   - Primary: True
[2025-07-30 21:52:07.561] [INFO]   - Device Name: \\.\DISPLAY1
[2025-07-30 21:52:07.561] [INFO]   - Bounds: X=0, Y=0, Width=1920, Height=1080
[2025-07-30 21:52:07.561] [INFO]   - Working Area: X=0, Y=0, Width=1920, Height=1040
[2025-07-30 21:52:07.562] [INFO]   - Left Boundary: 0
[2025-07-30 21:52:07.562] [INFO]   - Top Boundary: 0
[2025-07-30 21:52:07.562] [INFO]   - Right Boundary: 1920
[2025-07-30 21:52:07.562] [INFO]   - Bottom Boundary: 1080
[2025-07-30 21:52:07.562] [INFO] Monitor 1:
[2025-07-30 21:52:07.562] [INFO]   - Primary: False
[2025-07-30 21:52:07.563] [INFO]   - Device Name: \\.\DISPLAY2
[2025-07-30 21:52:07.563] [INFO]   - Bounds: X=1920, Y=0, Width=1920, Height=1080
[2025-07-30 21:52:07.563] [INFO]   - Working Area: X=1920, Y=0, Width=1920, Height=1040
[2025-07-30 21:52:07.563] [INFO]   - Left Boundary: 1920
[2025-07-30 21:52:07.563] [INFO]   - Top Boundary: 0
[2025-07-30 21:52:07.563] [INFO]   - Right Boundary: 3840
[2025-07-30 21:52:07.563] [INFO]   - Bottom Boundary: 1080
[2025-07-30 21:52:07.564] [INFO] === END MONITOR INFORMATION ===
[2025-07-30 21:52:07.664] [INFO] Attempting to connect to MT4 socket at 127.0.0.1:23456
[2025-07-30 21:52:07.702] [INFO] Applied default toolbar settings for window 458778
[2025-07-30 21:52:07.756] [INFO] Overlay positioned on window 458778 (symbol: XAUUSD): Left=0, Top=0, Width=1920
[2025-07-30 21:52:08.682] [INFO] CaptureTrackingService: Папка трекинга очищена: C:\apps\jforex-trading-terminal-win10\bin\Debug\net6.0-windows\Tracking\captures
[2025-07-30 21:52:08.682] [DEBUG] CaptureTrackingService: Обработка capture ID=20250730195352698, Handle=2753632, X=1233, Y=263, W=378, H=188
[2025-07-30 21:52:08.683] [ERROR] CaptureWindow: Invalid window size width=0, height=0 for handle=2753632
[2025-07-30 21:52:08.683] [WARNING] CaptureTrackingService: Не удалось получить скриншот окна Handle=2753632
[2025-07-30 21:52:08.684] [DEBUG] CaptureTrackingService: Обработка capture ID=20250730201131876, Handle=2753632, X=1039, Y=573, W=430, H=131
[2025-07-30 21:52:08.684] [ERROR] CaptureWindow: Invalid window size width=0, height=0 for handle=2753632
[2025-07-30 21:52:08.685] [WARNING] CaptureTrackingService: Не удалось получить скриншот окна Handle=2753632
[2025-07-30 21:52:08.685] [DEBUG] CaptureTrackingService: Обработка capture ID=20250730213719454, Handle=459708, X=1177, Y=489, W=353, H=181
[2025-07-30 21:52:08.705] [DEBUG] TrendlineBreakDetector: Start DetectBreakoutOHLC, bitmap size: 353x181
[2025-07-30 21:52:08.732] [DEBUG] TrendlineBreakDetector: Found 0 white pixels
[2025-07-30 21:52:08.732] [DEBUG] TrendlineBreakDetector: Found 0 clusters
[2025-07-30 21:52:08.732] [INFO] TrendlineBreakDetector: No white line cluster detected
[2025-07-30 21:52:08.735] [INFO] CaptureTrackingService: [C:\apps\jforex-trading-terminal-win10\bin\Debug\net6.0-windows\CAPTURES\20250730213719454\tracking.png] Trendline not detected.
[2025-07-30 21:52:08.735] [DEBUG] CaptureTrackingService: TrendlineBreakDetector result for C:\apps\jforex-trading-terminal-win10\bin\Debug\net6.0-windows\CAPTURES\20250730213719454\tracking.png: NoTrendline
[2025-07-30 21:52:08.736] [DEBUG] CaptureTrackingService: Обработка capture ID=20250730214247265, Handle=459708, X=1178, Y=508, W=374, H=192
[2025-07-30 21:52:08.748] [DEBUG] TrendlineBreakDetector: Start DetectBreakoutOHLC, bitmap size: 374x192
[2025-07-30 21:52:08.775] [DEBUG] TrendlineBreakDetector: Found 0 white pixels
[2025-07-30 21:52:08.776] [DEBUG] TrendlineBreakDetector: Found 0 clusters
[2025-07-30 21:52:08.776] [INFO] TrendlineBreakDetector: No white line cluster detected
[2025-07-30 21:52:08.779] [INFO] CaptureTrackingService: [C:\apps\jforex-trading-terminal-win10\bin\Debug\net6.0-windows\CAPTURES\20250730214247265\tracking.png] Trendline not detected.
[2025-07-30 21:52:08.779] [DEBUG] CaptureTrackingService: TrendlineBreakDetector result for C:\apps\jforex-trading-terminal-win10\bin\Debug\net6.0-windows\CAPTURES\20250730214247265\tracking.png: NoTrendline
[2025-07-30 21:52:09.613] [DEBUG] Status: Found and brought 2 window(s) to foreground: XAU/USD, T8, XAU/USD, T144
[2025-07-30 21:52:09.729] [ERROR] Failed to connect to MT4 socket at 127.0.0.1:23456
Exception: Подключение не установлено, т.к. конечный компьютер отверг запрос на подключение.
StackTrace:    at System.Net.Sockets.Socket.AwaitableSocketAsyncEventArgs.ThrowException(SocketError error, CancellationToken cancellationToken)
   at System.Net.Sockets.Socket.AwaitableSocketAsyncEventArgs.System.Threading.Tasks.Sources.IValueTaskSource.GetResult(Int16 token)
   at System.Threading.Tasks.ValueTask.ValueTaskSourceAsTask.<>c.<.cctor>b__4_0(Object state)
--- End of stack trace from previous location ---
   at System.Net.Sockets.TcpClient.CompleteConnectAsync(Task task)
   at ScreenCaptureApp.Services.Mt4SocketService.ConnectAsync() in C:\apps\jforex-trading-terminal-win10\Services\Mt4SocketService.cs:line 167
[2025-07-30 21:52:09.730] [DEBUG] MT4 Connection: Connection failed: Подключение не установлено, т.к. конечный компьютер отверг запрос на подключение.
[2025-07-30 21:52:09.730] [INFO] MT4 Connection status: Connection failed: Подключение не установлено, т.к. конечный компьютер отверг запрос на подключение.
[2025-07-30 21:52:09.801] [INFO] CaptureTrackingService: Папка трекинга очищена: C:\apps\jforex-trading-terminal-win10\bin\Debug\net6.0-windows\Tracking\captures
[2025-07-30 21:52:09.801] [DEBUG] CaptureTrackingService: Обработка capture ID=20250730195352698, Handle=2753632, X=1233, Y=263, W=378, H=188
[2025-07-30 21:52:09.801] [ERROR] CaptureWindow: Invalid window size width=0, height=0 for handle=2753632
[2025-07-30 21:52:09.801] [WARNING] CaptureTrackingService: Не удалось получить скриншот окна Handle=2753632
[2025-07-30 21:52:09.801] [DEBUG] CaptureTrackingService: Обработка capture ID=20250730201131876, Handle=2753632, X=1039, Y=573, W=430, H=131
[2025-07-30 21:52:09.802] [ERROR] CaptureWindow: Invalid window size width=0, height=0 for handle=2753632
[2025-07-30 21:52:09.802] [WARNING] CaptureTrackingService: Не удалось получить скриншот окна Handle=2753632
[2025-07-30 21:52:09.802] [DEBUG] CaptureTrackingService: Обработка capture ID=20250730213719454, Handle=459708, X=1177, Y=489, W=353, H=181
[2025-07-30 21:52:09.822] [DEBUG] TrendlineBreakDetector: Start DetectBreakoutOHLC, bitmap size: 353x181
[2025-07-30 21:52:09.848] [DEBUG] TrendlineBreakDetector: Found 0 white pixels
[2025-07-30 21:52:09.849] [DEBUG] TrendlineBreakDetector: Found 0 clusters
[2025-07-30 21:52:09.849] [INFO] TrendlineBreakDetector: No white line cluster detected
[2025-07-30 21:52:09.851] [INFO] CaptureTrackingService: [C:\apps\jforex-trading-terminal-win10\bin\Debug\net6.0-windows\CAPTURES\20250730213719454\tracking.png] Trendline not detected.
[2025-07-30 21:52:09.852] [DEBUG] CaptureTrackingService: TrendlineBreakDetector result for C:\apps\jforex-trading-terminal-win10\bin\Debug\net6.0-windows\CAPTURES\20250730213719454\tracking.png: NoTrendline
[2025-07-30 21:52:09.853] [DEBUG] CaptureTrackingService: Обработка capture ID=20250730214247265, Handle=459708, X=1178, Y=508, W=374, H=192
[2025-07-30 21:52:09.871] [DEBUG] TrendlineBreakDetector: Start DetectBreakoutOHLC, bitmap size: 374x192
[2025-07-30 21:52:09.881] [INFO] Applied default toolbar settings for window 459708
[2025-07-30 21:52:09.882] [INFO] Overlay positioned on window 459708 (symbol: XAUUSD): Left=1920, Top=0, Width=1920
[2025-07-30 21:52:09.904] [DEBUG] TrendlineBreakDetector: Found 0 white pixels
[2025-07-30 21:52:09.907] [DEBUG] TrendlineBreakDetector: Found 0 clusters
[2025-07-30 21:52:09.909] [INFO] TrendlineBreakDetector: No white line cluster detected
[2025-07-30 21:52:09.912] [INFO] CaptureTrackingService: [C:\apps\jforex-trading-terminal-win10\bin\Debug\net6.0-windows\CAPTURES\20250730214247265\tracking.png] Trendline not detected.
[2025-07-30 21:52:09.913] [DEBUG] CaptureTrackingService: TrendlineBreakDetector result for C:\apps\jforex-trading-terminal-win10\bin\Debug\net6.0-windows\CAPTURES\20250730214247265\tracking.png: NoTrendline
[2025-07-30 21:52:10.153] [INFO] Applied default toolbar settings for window 458778
[2025-07-30 21:52:10.154] [INFO] Overlay positioned on window 458778 (symbol: XAUUSD): Left=0, Top=0, Width=1920
[2025-07-30 21:52:10.930] [INFO] CaptureTrackingService: Папка трекинга очищена: C:\apps\jforex-trading-terminal-win10\bin\Debug\net6.0-windows\Tracking\captures
[2025-07-30 21:52:10.930] [DEBUG] CaptureTrackingService: Обработка capture ID=20250730195352698, Handle=2753632, X=1233, Y=263, W=378, H=188
[2025-07-30 21:52:10.930] [ERROR] CaptureWindow: Invalid window size width=0, height=0 for handle=2753632
[2025-07-30 21:52:10.931] [WARNING] CaptureTrackingService: Не удалось получить скриншот окна Handle=2753632
[2025-07-30 21:52:10.931] [DEBUG] CaptureTrackingService: Обработка capture ID=20250730201131876, Handle=2753632, X=1039, Y=573, W=430, H=131
[2025-07-30 21:52:10.931] [ERROR] CaptureWindow: Invalid window size width=0, height=0 for handle=2753632
[2025-07-30 21:52:10.931] [WARNING] CaptureTrackingService: Не удалось получить скриншот окна Handle=2753632
[2025-07-30 21:52:10.931] [DEBUG] CaptureTrackingService: Обработка capture ID=20250730213719454, Handle=459708, X=1177, Y=489, W=353, H=181
[2025-07-30 21:52:10.946] [DEBUG] TrendlineBreakDetector: Start DetectBreakoutOHLC, bitmap size: 353x181
[2025-07-30 21:52:10.969] [DEBUG] TrendlineBreakDetector: Found 0 white pixels
[2025-07-30 21:52:10.969] [DEBUG] TrendlineBreakDetector: Found 0 clusters
[2025-07-30 21:52:10.969] [INFO] TrendlineBreakDetector: No white line cluster detected
[2025-07-30 21:52:10.972] [INFO] CaptureTrackingService: [C:\apps\jforex-trading-terminal-win10\bin\Debug\net6.0-windows\CAPTURES\20250730213719454\tracking.png] Trendline not detected.
[2025-07-30 21:52:10.972] [DEBUG] CaptureTrackingService: TrendlineBreakDetector result for C:\apps\jforex-trading-terminal-win10\bin\Debug\net6.0-windows\CAPTURES\20250730213719454\tracking.png: NoTrendline
[2025-07-30 21:52:10.974] [DEBUG] CaptureTrackingService: Обработка capture ID=20250730214247265, Handle=459708, X=1178, Y=508, W=374, H=192
[2025-07-30 21:52:10.995] [DEBUG] TrendlineBreakDetector: Start DetectBreakoutOHLC, bitmap size: 374x192
[2025-07-30 21:52:11.019] [DEBUG] TrendlineBreakDetector: Found 0 white pixels
[2025-07-30 21:52:11.020] [DEBUG] TrendlineBreakDetector: Found 0 clusters
[2025-07-30 21:52:11.020] [INFO] TrendlineBreakDetector: No white line cluster detected
[2025-07-30 21:52:11.023] [INFO] CaptureTrackingService: [C:\apps\jforex-trading-terminal-win10\bin\Debug\net6.0-windows\CAPTURES\20250730214247265\tracking.png] Trendline not detected.
[2025-07-30 21:52:11.023] [DEBUG] CaptureTrackingService: TrendlineBreakDetector result for C:\apps\jforex-trading-terminal-win10\bin\Debug\net6.0-windows\CAPTURES\20250730214247265\tracking.png: NoTrendline
[2025-07-30 21:52:11.736] [DEBUG] Space key detected and service is enabled
[2025-07-30 21:52:11.740] [DEBUG] Target window captured (Handle: 0x7001A)
[2025-07-30 21:52:11.798] [INFO] Window activated - focus set to InkCanvas
[2025-07-30 21:52:11.801] [INFO] Window loaded for handler 458778
[2025-07-30 21:52:11.946] [INFO] InkCanvas initialized successfully with Yellow brush for DrawingCanvas and White for TradingCanvas
[2025-07-30 21:52:11.947] [INFO] Canvas loaded: C:\apps\jforex-trading-terminal-win10\bin\Debug\net6.0-windows\Canvases\458778.xaml
[2025-07-30 21:52:11.948] [INFO] Brush mode updated: Simple mode
[2025-07-30 21:52:11.949] [INFO] Active symbol display updated: XAUUSD
[2025-07-30 21:52:11.994] [DEBUG] Canvas window opened
[2025-07-30 21:52:11.994] [DEBUG] New CanvasWindow opened
[2025-07-30 21:52:12.040] [INFO] CaptureTrackingService: Папка трекинга очищена: C:\apps\jforex-trading-terminal-win10\bin\Debug\net6.0-windows\Tracking\captures
[2025-07-30 21:52:12.041] [DEBUG] CaptureTrackingService: Обработка capture ID=20250730195352698, Handle=2753632, X=1233, Y=263, W=378, H=188
[2025-07-30 21:52:12.041] [ERROR] CaptureWindow: Invalid window size width=0, height=0 for handle=2753632
[2025-07-30 21:52:12.041] [WARNING] CaptureTrackingService: Не удалось получить скриншот окна Handle=2753632
[2025-07-30 21:52:12.041] [DEBUG] CaptureTrackingService: Обработка capture ID=20250730201131876, Handle=2753632, X=1039, Y=573, W=430, H=131
[2025-07-30 21:52:12.041] [ERROR] CaptureWindow: Invalid window size width=0, height=0 for handle=2753632
[2025-07-30 21:52:12.042] [WARNING] CaptureTrackingService: Не удалось получить скриншот окна Handle=2753632
[2025-07-30 21:52:12.042] [DEBUG] CaptureTrackingService: Обработка capture ID=20250730213719454, Handle=459708, X=1177, Y=489, W=353, H=181
[2025-07-30 21:52:12.063] [DEBUG] TrendlineBreakDetector: Start DetectBreakoutOHLC, bitmap size: 353x181
[2025-07-30 21:52:12.085] [DEBUG] TrendlineBreakDetector: Found 0 white pixels
[2025-07-30 21:52:12.085] [DEBUG] TrendlineBreakDetector: Found 0 clusters
[2025-07-30 21:52:12.085] [INFO] TrendlineBreakDetector: No white line cluster detected
[2025-07-30 21:52:12.088] [INFO] CaptureTrackingService: [C:\apps\jforex-trading-terminal-win10\bin\Debug\net6.0-windows\CAPTURES\20250730213719454\tracking.png] Trendline not detected.
[2025-07-30 21:52:12.088] [DEBUG] CaptureTrackingService: TrendlineBreakDetector result for C:\apps\jforex-trading-terminal-win10\bin\Debug\net6.0-windows\CAPTURES\20250730213719454\tracking.png: NoTrendline
[2025-07-30 21:52:12.089] [DEBUG] CaptureTrackingService: Обработка capture ID=20250730214247265, Handle=459708, X=1178, Y=508, W=374, H=192
[2025-07-30 21:52:12.101] [DEBUG] TrendlineBreakDetector: Start DetectBreakoutOHLC, bitmap size: 374x192
[2025-07-30 21:52:12.125] [DEBUG] TrendlineBreakDetector: Found 0 white pixels
[2025-07-30 21:52:12.125] [DEBUG] TrendlineBreakDetector: Found 0 clusters
[2025-07-30 21:52:12.125] [INFO] TrendlineBreakDetector: No white line cluster detected
[2025-07-30 21:52:12.128] [INFO] CaptureTrackingService: [C:\apps\jforex-trading-terminal-win10\bin\Debug\net6.0-windows\CAPTURES\20250730214247265\tracking.png] Trendline not detected.
[2025-07-30 21:52:12.128] [DEBUG] CaptureTrackingService: TrendlineBreakDetector result for C:\apps\jforex-trading-terminal-win10\bin\Debug\net6.0-windows\CAPTURES\20250730214247265\tracking.png: NoTrendline
[2025-07-30 21:52:12.943] [DEBUG] Escape key detected and service is enabled
[2025-07-30 21:52:12.945] [DEBUG] Escape key pressed - starting cleanup
[2025-07-30 21:52:12.946] [DEBUG] Before cleanup: isCapturing=False, overlay=null
[2025-07-30 21:52:12.946] [DEBUG] Closing canvas window
[2025-07-30 21:52:12.947] [INFO] Window closing: saving canvas
[2025-07-30 21:52:13.040] [INFO] Canvas saved: C:\apps\jforex-trading-terminal-win10\bin\Debug\net6.0-windows\Canvases\458778.xaml, C:\apps\jforex-trading-terminal-win10\bin\Debug\net6.0-windows\Canvases\458778.png
[2025-07-30 21:52:13.040] [INFO] Canvas saved properly
[2025-07-30 21:52:13.051] [DEBUG] Canvas window closed
[2025-07-30 21:52:13.051] [DEBUG] No overlay to close
[2025-07-30 21:52:13.051] [DEBUG] After cleanup: isCapturing=False, overlay=null
[2025-07-30 21:52:13.139] [INFO] CaptureTrackingService: Папка трекинга очищена: C:\apps\jforex-trading-terminal-win10\bin\Debug\net6.0-windows\Tracking\captures
[2025-07-30 21:52:13.139] [DEBUG] CaptureTrackingService: Обработка capture ID=20250730195352698, Handle=2753632, X=1233, Y=263, W=378, H=188
[2025-07-30 21:52:13.139] [ERROR] CaptureWindow: Invalid window size width=0, height=0 for handle=2753632
[2025-07-30 21:52:13.140] [WARNING] CaptureTrackingService: Не удалось получить скриншот окна Handle=2753632
[2025-07-30 21:52:13.141] [DEBUG] CaptureTrackingService: Обработка capture ID=20250730201131876, Handle=2753632, X=1039, Y=573, W=430, H=131
[2025-07-30 21:52:13.141] [ERROR] CaptureWindow: Invalid window size width=0, height=0 for handle=2753632
[2025-07-30 21:52:13.141] [WARNING] CaptureTrackingService: Не удалось получить скриншот окна Handle=2753632
[2025-07-30 21:52:13.142] [DEBUG] CaptureTrackingService: Обработка capture ID=20250730213719454, Handle=459708, X=1177, Y=489, W=353, H=181
[2025-07-30 21:52:13.163] [DEBUG] TrendlineBreakDetector: Start DetectBreakoutOHLC, bitmap size: 353x181
[2025-07-30 21:52:13.174] [DEBUG] Escape key detected and service is enabled
[2025-07-30 21:52:13.175] [DEBUG] Escape key pressed - starting cleanup
[2025-07-30 21:52:13.175] [DEBUG] Before cleanup: isCapturing=False, overlay=null
[2025-07-30 21:52:13.175] [DEBUG] No overlay to close
[2025-07-30 21:52:13.175] [DEBUG] After cleanup: isCapturing=False, overlay=null
[2025-07-30 21:52:13.190] [DEBUG] TrendlineBreakDetector: Found 0 white pixels
[2025-07-30 21:52:13.190] [DEBUG] TrendlineBreakDetector: Found 0 clusters
[2025-07-30 21:52:13.191] [INFO] TrendlineBreakDetector: No white line cluster detected
[2025-07-30 21:52:13.193] [INFO] CaptureTrackingService: [C:\apps\jforex-trading-terminal-win10\bin\Debug\net6.0-windows\CAPTURES\20250730213719454\tracking.png] Trendline not detected.
[2025-07-30 21:52:13.193] [DEBUG] CaptureTrackingService: TrendlineBreakDetector result for C:\apps\jforex-trading-terminal-win10\bin\Debug\net6.0-windows\CAPTURES\20250730213719454\tracking.png: NoTrendline
[2025-07-30 21:52:13.195] [DEBUG] CaptureTrackingService: Обработка capture ID=20250730214247265, Handle=459708, X=1178, Y=508, W=374, H=192
[2025-07-30 21:52:13.206] [DEBUG] TrendlineBreakDetector: Start DetectBreakoutOHLC, bitmap size: 374x192
[2025-07-30 21:52:13.230] [DEBUG] TrendlineBreakDetector: Found 0 white pixels
[2025-07-30 21:52:13.230] [DEBUG] TrendlineBreakDetector: Found 0 clusters
[2025-07-30 21:52:13.231] [INFO] TrendlineBreakDetector: No white line cluster detected
[2025-07-30 21:52:13.233] [INFO] CaptureTrackingService: [C:\apps\jforex-trading-terminal-win10\bin\Debug\net6.0-windows\CAPTURES\20250730214247265\tracking.png] Trendline not detected.
[2025-07-30 21:52:13.233] [DEBUG] CaptureTrackingService: TrendlineBreakDetector result for C:\apps\jforex-trading-terminal-win10\bin\Debug\net6.0-windows\CAPTURES\20250730214247265\tracking.png: NoTrendline
[2025-07-30 21:52:13.606] [DEBUG] Space key detected and service is enabled
[2025-07-30 21:52:13.607] [DEBUG] Target window captured (Handle: 0x7001A)
[2025-07-30 21:52:13.623] [INFO] Window activated - focus set to InkCanvas
[2025-07-30 21:52:13.626] [INFO] Window loaded for handler 458778
[2025-07-30 21:52:13.752] [INFO] InkCanvas initialized successfully with Yellow brush for DrawingCanvas and White for TradingCanvas
[2025-07-30 21:52:13.759] [INFO] Canvas loaded: C:\apps\jforex-trading-terminal-win10\bin\Debug\net6.0-windows\Canvases\458778.xaml
[2025-07-30 21:52:13.759] [INFO] Brush mode updated: Simple mode
[2025-07-30 21:52:13.760] [INFO] Active symbol display updated: XAUUSD
[2025-07-30 21:52:13.788] [DEBUG] Canvas window opened
[2025-07-30 21:52:13.789] [DEBUG] New CanvasWindow opened
[2025-07-30 21:52:14.038] [DEBUG] Space key detected and service is enabled
[2025-07-30 21:52:14.040] [INFO] Brush mode updated: Trading mode
[2025-07-30 21:52:14.040] [DEBUG] Space pressed over CanvasWindow: toggled trading mode
[2025-07-30 21:52:14.251] [INFO] CaptureTrackingService: Папка трекинга очищена: C:\apps\jforex-trading-terminal-win10\bin\Debug\net6.0-windows\Tracking\captures
[2025-07-30 21:52:14.251] [DEBUG] CaptureTrackingService: Обработка capture ID=20250730195352698, Handle=2753632, X=1233, Y=263, W=378, H=188
[2025-07-30 21:52:14.251] [ERROR] CaptureWindow: Invalid window size width=0, height=0 for handle=2753632
[2025-07-30 21:52:14.252] [WARNING] CaptureTrackingService: Не удалось получить скриншот окна Handle=2753632
[2025-07-30 21:52:14.252] [DEBUG] CaptureTrackingService: Обработка capture ID=20250730201131876, Handle=2753632, X=1039, Y=573, W=430, H=131
[2025-07-30 21:52:14.253] [ERROR] CaptureWindow: Invalid window size width=0, height=0 for handle=2753632
[2025-07-30 21:52:14.253] [WARNING] CaptureTrackingService: Не удалось получить скриншот окна Handle=2753632
[2025-07-30 21:52:14.253] [DEBUG] CaptureTrackingService: Обработка capture ID=20250730213719454, Handle=459708, X=1177, Y=489, W=353, H=181
[2025-07-30 21:52:14.267] [DEBUG] TrendlineBreakDetector: Start DetectBreakoutOHLC, bitmap size: 353x181
[2025-07-30 21:52:14.293] [DEBUG] TrendlineBreakDetector: Found 0 white pixels
[2025-07-30 21:52:14.293] [DEBUG] TrendlineBreakDetector: Found 0 clusters
[2025-07-30 21:52:14.293] [INFO] TrendlineBreakDetector: No white line cluster detected
[2025-07-30 21:52:14.296] [INFO] CaptureTrackingService: [C:\apps\jforex-trading-terminal-win10\bin\Debug\net6.0-windows\CAPTURES\20250730213719454\tracking.png] Trendline not detected.
[2025-07-30 21:52:14.296] [DEBUG] CaptureTrackingService: TrendlineBreakDetector result for C:\apps\jforex-trading-terminal-win10\bin\Debug\net6.0-windows\CAPTURES\20250730213719454\tracking.png: NoTrendline
[2025-07-30 21:52:14.298] [DEBUG] CaptureTrackingService: Обработка capture ID=20250730214247265, Handle=459708, X=1178, Y=508, W=374, H=192
[2025-07-30 21:52:14.310] [DEBUG] TrendlineBreakDetector: Start DetectBreakoutOHLC, bitmap size: 374x192
[2025-07-30 21:52:14.336] [DEBUG] TrendlineBreakDetector: Found 0 white pixels
[2025-07-30 21:52:14.336] [DEBUG] TrendlineBreakDetector: Found 0 clusters
[2025-07-30 21:52:14.336] [INFO] TrendlineBreakDetector: No white line cluster detected
[2025-07-30 21:52:14.339] [INFO] CaptureTrackingService: [C:\apps\jforex-trading-terminal-win10\bin\Debug\net6.0-windows\CAPTURES\20250730214247265\tracking.png] Trendline not detected.
[2025-07-30 21:52:14.340] [DEBUG] CaptureTrackingService: TrendlineBreakDetector result for C:\apps\jforex-trading-terminal-win10\bin\Debug\net6.0-windows\CAPTURES\20250730214247265\tracking.png: NoTrendline
[2025-07-30 21:52:14.585] [INFO] Mouse move on InkCanvas at 741;327
[2025-07-30 21:52:14.588] [INFO] Mouse move on InkCanvas at 742;327
[2025-07-30 21:52:14.590] [INFO] Mouse move on InkCanvas at 746;327
[2025-07-30 21:52:14.593] [INFO] Mouse move on InkCanvas at 752;325
[2025-07-30 21:52:14.602] [INFO] Mouse move on InkCanvas at 759;322
[2025-07-30 21:52:14.609] [INFO] Mouse move on InkCanvas at 769;319
[2025-07-30 21:52:14.617] [INFO] Mouse move on InkCanvas at 781;316
[2025-07-30 21:52:14.625] [INFO] Mouse move on InkCanvas at 794;312
[2025-07-30 21:52:14.633] [INFO] Mouse move on InkCanvas at 808;309
[2025-07-30 21:52:14.641] [INFO] Mouse move on InkCanvas at 823;306
[2025-07-30 21:52:14.649] [INFO] Mouse move on InkCanvas at 839;303
[2025-07-30 21:52:14.657] [INFO] Mouse move on InkCanvas at 852;301
[2025-07-30 21:52:14.665] [INFO] Mouse move on InkCanvas at 868;297
[2025-07-30 21:52:14.673] [INFO] Mouse move on InkCanvas at 881;295
[2025-07-30 21:52:14.681] [INFO] Mouse move on InkCanvas at 896;292
[2025-07-30 21:52:14.689] [INFO] Mouse move on InkCanvas at 908;290
[2025-07-30 21:52:14.697] [INFO] Mouse move on InkCanvas at 918;287
[2025-07-30 21:52:14.705] [INFO] Mouse move on InkCanvas at 926;285
[2025-07-30 21:52:14.713] [INFO] Mouse move on InkCanvas at 930;284
[2025-07-30 21:52:14.721] [INFO] Mouse move on InkCanvas at 932;284
[2025-07-30 21:52:14.729] [INFO] Mouse move on InkCanvas at 933;284
[2025-07-30 21:52:14.737] [INFO] Mouse move on InkCanvas at 934;284
[2025-07-30 21:52:14.772] [INFO] Trading stroke collected - processing immediately
[2025-07-30 21:52:14.777] [INFO] CaptureData created: ID=20250730215214776, Symbol=XAUUSD, Risk=1, Duration=2, Broker=Forex, Source=window
[2025-07-30 21:52:14.848] [INFO] Settings updated from capture
[2025-07-30 21:52:14.849] [INFO] Window closing: saving canvas
[2025-07-30 21:52:14.850] [ERROR] Error saving canvas: Значение параметра должно быть больше 0. (Parameter 'pixelWidth')
Exception: Значение параметра должно быть больше 0. (Parameter 'pixelWidth')
StackTrace:    at System.Windows.Media.Imaging.RenderTargetBitmap..ctor(Int32 pixelWidth, Int32 pixelHeight, Double dpiX, Double dpiY, PixelFormat pixelFormat)
   at ScreenCaptureApp.CanvasWindow.SaveCanvas() in C:\apps\jforex-trading-terminal-win10\CanvasWindow.xaml.cs:line 543
[2025-07-30 21:52:14.850] [INFO] Canvas saved properly
[2025-07-30 21:52:14.859] [INFO] Mouse up on InkCanvas at 0;0
[2025-07-30 21:52:15.355] [INFO] CaptureTrackingService: Папка трекинга очищена: C:\apps\jforex-trading-terminal-win10\bin\Debug\net6.0-windows\Tracking\captures
[2025-07-30 21:52:15.356] [DEBUG] CaptureTrackingService: Обработка capture ID=20250730195352698, Handle=2753632, X=1233, Y=263, W=378, H=188
[2025-07-30 21:52:15.356] [ERROR] CaptureWindow: Invalid window size width=0, height=0 for handle=2753632
[2025-07-30 21:52:15.356] [WARNING] CaptureTrackingService: Не удалось получить скриншот окна Handle=2753632
[2025-07-30 21:52:15.356] [DEBUG] CaptureTrackingService: Обработка capture ID=20250730201131876, Handle=2753632, X=1039, Y=573, W=430, H=131
[2025-07-30 21:52:15.356] [ERROR] CaptureWindow: Invalid window size width=0, height=0 for handle=2753632
[2025-07-30 21:52:15.357] [WARNING] CaptureTrackingService: Не удалось получить скриншот окна Handle=2753632
[2025-07-30 21:52:15.357] [DEBUG] CaptureTrackingService: Обработка capture ID=20250730213719454, Handle=459708, X=1177, Y=489, W=353, H=181
[2025-07-30 21:52:15.369] [DEBUG] TrendlineBreakDetector: Start DetectBreakoutOHLC, bitmap size: 353x181
[2025-07-30 21:52:15.390] [DEBUG] TrendlineBreakDetector: Found 0 white pixels
[2025-07-30 21:52:15.390] [DEBUG] TrendlineBreakDetector: Found 0 clusters
[2025-07-30 21:52:15.390] [INFO] TrendlineBreakDetector: No white line cluster detected
[2025-07-30 21:52:15.393] [INFO] CaptureTrackingService: [C:\apps\jforex-trading-terminal-win10\bin\Debug\net6.0-windows\CAPTURES\20250730213719454\tracking.png] Trendline not detected.
[2025-07-30 21:52:15.393] [DEBUG] CaptureTrackingService: TrendlineBreakDetector result for C:\apps\jforex-trading-terminal-win10\bin\Debug\net6.0-windows\CAPTURES\20250730213719454\tracking.png: NoTrendline
[2025-07-30 21:52:15.394] [DEBUG] CaptureTrackingService: Обработка capture ID=20250730214247265, Handle=459708, X=1178, Y=508, W=374, H=192
[2025-07-30 21:52:15.406] [DEBUG] TrendlineBreakDetector: Start DetectBreakoutOHLC, bitmap size: 374x192
[2025-07-30 21:52:15.431] [DEBUG] TrendlineBreakDetector: Found 0 white pixels
[2025-07-30 21:52:15.431] [DEBUG] TrendlineBreakDetector: Found 0 clusters
[2025-07-30 21:52:15.431] [INFO] TrendlineBreakDetector: No white line cluster detected
[2025-07-30 21:52:15.434] [INFO] CaptureTrackingService: [C:\apps\jforex-trading-terminal-win10\bin\Debug\net6.0-windows\CAPTURES\20250730214247265\tracking.png] Trendline not detected.
[2025-07-30 21:52:15.434] [DEBUG] CaptureTrackingService: TrendlineBreakDetector result for C:\apps\jforex-trading-terminal-win10\bin\Debug\net6.0-windows\CAPTURES\20250730214247265\tracking.png: NoTrendline
[2025-07-30 21:52:15.436] [DEBUG] CaptureTrackingService: Обработка capture ID=20250730215214776, Handle=458778, X=720, Y=263, W=234, H=85
[2025-07-30 21:52:15.448] [DEBUG] TrendlineBreakDetector: Start DetectBreakoutOHLC, bitmap size: 234x85
[2025-07-30 21:52:15.455] [DEBUG] TrendlineBreakDetector: Found 0 white pixels
[2025-07-30 21:52:15.455] [DEBUG] TrendlineBreakDetector: Found 0 clusters
[2025-07-30 21:52:15.455] [INFO] TrendlineBreakDetector: No white line cluster detected
[2025-07-30 21:52:15.457] [INFO] CaptureTrackingService: [C:\apps\jforex-trading-terminal-win10\bin\Debug\net6.0-windows\CAPTURES\20250730215214776\tracking.png] Trendline not detected.
[2025-07-30 21:52:15.457] [DEBUG] CaptureTrackingService: TrendlineBreakDetector result for C:\apps\jforex-trading-terminal-win10\bin\Debug\net6.0-windows\CAPTURES\20250730215214776\tracking.png: NoTrendline
[2025-07-30 21:52:16.472] [INFO] CaptureTrackingService: Папка трекинга очищена: C:\apps\jforex-trading-terminal-win10\bin\Debug\net6.0-windows\Tracking\captures
[2025-07-30 21:52:16.472] [DEBUG] CaptureTrackingService: Обработка capture ID=20250730195352698, Handle=2753632, X=1233, Y=263, W=378, H=188
[2025-07-30 21:52:16.473] [ERROR] CaptureWindow: Invalid window size width=0, height=0 for handle=2753632
[2025-07-30 21:52:16.473] [WARNING] CaptureTrackingService: Не удалось получить скриншот окна Handle=2753632
[2025-07-30 21:52:16.473] [DEBUG] CaptureTrackingService: Обработка capture ID=20250730201131876, Handle=2753632, X=1039, Y=573, W=430, H=131
[2025-07-30 21:52:16.473] [ERROR] CaptureWindow: Invalid window size width=0, height=0 for handle=2753632
[2025-07-30 21:52:16.473] [WARNING] CaptureTrackingService: Не удалось получить скриншот окна Handle=2753632
[2025-07-30 21:52:16.473] [DEBUG] CaptureTrackingService: Обработка capture ID=20250730213719454, Handle=459708, X=1177, Y=489, W=353, H=181
[2025-07-30 21:52:16.485] [DEBUG] TrendlineBreakDetector: Start DetectBreakoutOHLC, bitmap size: 353x181
[2025-07-30 21:52:16.507] [DEBUG] TrendlineBreakDetector: Found 0 white pixels
[2025-07-30 21:52:16.507] [DEBUG] TrendlineBreakDetector: Found 0 clusters
[2025-07-30 21:52:16.508] [INFO] TrendlineBreakDetector: No white line cluster detected
[2025-07-30 21:52:16.510] [INFO] CaptureTrackingService: [C:\apps\jforex-trading-terminal-win10\bin\Debug\net6.0-windows\CAPTURES\20250730213719454\tracking.png] Trendline not detected.
[2025-07-30 21:52:16.510] [DEBUG] CaptureTrackingService: TrendlineBreakDetector result for C:\apps\jforex-trading-terminal-win10\bin\Debug\net6.0-windows\CAPTURES\20250730213719454\tracking.png: NoTrendline
[2025-07-30 21:52:16.512] [DEBUG] CaptureTrackingService: Обработка capture ID=20250730214247265, Handle=459708, X=1178, Y=508, W=374, H=192
[2025-07-30 21:52:16.523] [DEBUG] TrendlineBreakDetector: Start DetectBreakoutOHLC, bitmap size: 374x192
[2025-07-30 21:52:16.547] [DEBUG] TrendlineBreakDetector: Found 0 white pixels
[2025-07-30 21:52:16.547] [DEBUG] TrendlineBreakDetector: Found 0 clusters
[2025-07-30 21:52:16.547] [INFO] TrendlineBreakDetector: No white line cluster detected
[2025-07-30 21:52:16.550] [INFO] CaptureTrackingService: [C:\apps\jforex-trading-terminal-win10\bin\Debug\net6.0-windows\CAPTURES\20250730214247265\tracking.png] Trendline not detected.
[2025-07-30 21:52:16.550] [DEBUG] CaptureTrackingService: TrendlineBreakDetector result for C:\apps\jforex-trading-terminal-win10\bin\Debug\net6.0-windows\CAPTURES\20250730214247265\tracking.png: NoTrendline
[2025-07-30 21:52:16.551] [DEBUG] CaptureTrackingService: Обработка capture ID=20250730215214776, Handle=458778, X=720, Y=263, W=234, H=85
[2025-07-30 21:52:16.562] [DEBUG] TrendlineBreakDetector: Start DetectBreakoutOHLC, bitmap size: 234x85
[2025-07-30 21:52:16.569] [DEBUG] TrendlineBreakDetector: Found 330 white pixels
[2025-07-30 21:52:16.571] [DEBUG] TrendlineBreakDetector: Found 1 clusters
[2025-07-30 21:52:16.573] [DEBUG] Cluster: size=330, len=196,5, center=(118,0,42,0), score=0,005
[2025-07-30 21:52:16.573] [DEBUG] TrendlineBreakDetector: Selected white line from (22,63) to (214,21)
[2025-07-30 21:52:16.573] [DEBUG] TrendlineBreakDetector: Trendline direction: Upward (SELL), searching for SELL breakout
[2025-07-30 21:52:16.575] [INFO] TrendlineBreakDetector: Trendline detected, breakout NOT found. Type: SELL
[2025-07-30 21:52:16.580] [INFO] CaptureTrackingService: [C:\apps\jforex-trading-terminal-win10\bin\Debug\net6.0-windows\CAPTURES\20250730215214776\tracking.png] Trendline detected, breakout NOT found.
[2025-07-30 21:52:16.580] [DEBUG] CaptureTrackingService: TrendlineBreakDetector result for C:\apps\jforex-trading-terminal-win10\bin\Debug\net6.0-windows\CAPTURES\20250730215214776\tracking.png: NoBreakout
[2025-07-30 21:52:17.585] [INFO] CaptureTrackingService: Папка трекинга очищена: C:\apps\jforex-trading-terminal-win10\bin\Debug\net6.0-windows\Tracking\captures
[2025-07-30 21:52:17.586] [DEBUG] CaptureTrackingService: Обработка capture ID=20250730195352698, Handle=2753632, X=1233, Y=263, W=378, H=188
[2025-07-30 21:52:17.586] [ERROR] CaptureWindow: Invalid window size width=0, height=0 for handle=2753632
[2025-07-30 21:52:17.586] [WARNING] CaptureTrackingService: Не удалось получить скриншот окна Handle=2753632
[2025-07-30 21:52:17.586] [DEBUG] CaptureTrackingService: Обработка capture ID=20250730201131876, Handle=2753632, X=1039, Y=573, W=430, H=131
[2025-07-30 21:52:17.586] [ERROR] CaptureWindow: Invalid window size width=0, height=0 for handle=2753632
[2025-07-30 21:52:17.586] [WARNING] CaptureTrackingService: Не удалось получить скриншот окна Handle=2753632
[2025-07-30 21:52:17.587] [DEBUG] CaptureTrackingService: Обработка capture ID=20250730213719454, Handle=459708, X=1177, Y=489, W=353, H=181
[2025-07-30 21:52:17.600] [DEBUG] TrendlineBreakDetector: Start DetectBreakoutOHLC, bitmap size: 353x181
[2025-07-30 21:52:17.622] [DEBUG] TrendlineBreakDetector: Found 0 white pixels
[2025-07-30 21:52:17.623] [DEBUG] TrendlineBreakDetector: Found 0 clusters
[2025-07-30 21:52:17.623] [INFO] TrendlineBreakDetector: No white line cluster detected
[2025-07-30 21:52:17.626] [INFO] CaptureTrackingService: [C:\apps\jforex-trading-terminal-win10\bin\Debug\net6.0-windows\CAPTURES\20250730213719454\tracking.png] Trendline not detected.
[2025-07-30 21:52:17.626] [DEBUG] CaptureTrackingService: TrendlineBreakDetector result for C:\apps\jforex-trading-terminal-win10\bin\Debug\net6.0-windows\CAPTURES\20250730213719454\tracking.png: NoTrendline
[2025-07-30 21:52:17.628] [DEBUG] CaptureTrackingService: Обработка capture ID=20250730214247265, Handle=459708, X=1178, Y=508, W=374, H=192
[2025-07-30 21:52:17.649] [DEBUG] TrendlineBreakDetector: Start DetectBreakoutOHLC, bitmap size: 374x192
[2025-07-30 21:52:17.675] [DEBUG] TrendlineBreakDetector: Found 0 white pixels
[2025-07-30 21:52:17.676] [DEBUG] TrendlineBreakDetector: Found 0 clusters
[2025-07-30 21:52:17.676] [INFO] TrendlineBreakDetector: No white line cluster detected
[2025-07-30 21:52:17.679] [INFO] CaptureTrackingService: [C:\apps\jforex-trading-terminal-win10\bin\Debug\net6.0-windows\CAPTURES\20250730214247265\tracking.png] Trendline not detected.
[2025-07-30 21:52:17.680] [DEBUG] CaptureTrackingService: TrendlineBreakDetector result for C:\apps\jforex-trading-terminal-win10\bin\Debug\net6.0-windows\CAPTURES\20250730214247265\tracking.png: NoTrendline
[2025-07-30 21:52:17.681] [DEBUG] CaptureTrackingService: Обработка capture ID=20250730215214776, Handle=458778, X=720, Y=263, W=234, H=85
[2025-07-30 21:52:17.699] [DEBUG] TrendlineBreakDetector: Start DetectBreakoutOHLC, bitmap size: 234x85
[2025-07-30 21:52:17.707] [DEBUG] TrendlineBreakDetector: Found 330 white pixels
[2025-07-30 21:52:17.708] [DEBUG] TrendlineBreakDetector: Found 1 clusters
[2025-07-30 21:52:17.708] [DEBUG] Cluster: size=330, len=196,5, center=(118,0,42,0), score=0,005
[2025-07-30 21:52:17.709] [DEBUG] TrendlineBreakDetector: Selected white line from (22,63) to (214,21)
[2025-07-30 21:52:17.709] [DEBUG] TrendlineBreakDetector: Trendline direction: Upward (SELL), searching for SELL breakout
[2025-07-30 21:52:17.710] [INFO] TrendlineBreakDetector: Trendline detected, breakout NOT found. Type: SELL
[2025-07-30 21:52:17.716] [INFO] CaptureTrackingService: [C:\apps\jforex-trading-terminal-win10\bin\Debug\net6.0-windows\CAPTURES\20250730215214776\tracking.png] Trendline detected, breakout NOT found.
[2025-07-30 21:52:17.716] [DEBUG] CaptureTrackingService: TrendlineBreakDetector result for C:\apps\jforex-trading-terminal-win10\bin\Debug\net6.0-windows\CAPTURES\20250730215214776\tracking.png: NoBreakout
[2025-07-30 21:52:18.726] [INFO] CaptureTrackingService: Папка трекинга очищена: C:\apps\jforex-trading-terminal-win10\bin\Debug\net6.0-windows\Tracking\captures
[2025-07-30 21:52:18.727] [DEBUG] CaptureTrackingService: Обработка capture ID=20250730195352698, Handle=2753632, X=1233, Y=263, W=378, H=188
[2025-07-30 21:52:18.727] [ERROR] CaptureWindow: Invalid window size width=0, height=0 for handle=2753632
[2025-07-30 21:52:18.727] [WARNING] CaptureTrackingService: Не удалось получить скриншот окна Handle=2753632
[2025-07-30 21:52:18.727] [DEBUG] CaptureTrackingService: Обработка capture ID=20250730201131876, Handle=2753632, X=1039, Y=573, W=430, H=131
[2025-07-30 21:52:18.727] [ERROR] CaptureWindow: Invalid window size width=0, height=0 for handle=2753632
[2025-07-30 21:52:18.727] [WARNING] CaptureTrackingService: Не удалось получить скриншот окна Handle=2753632
[2025-07-30 21:52:18.727] [DEBUG] CaptureTrackingService: Обработка capture ID=20250730213719454, Handle=459708, X=1177, Y=489, W=353, H=181
[2025-07-30 21:52:18.743] [DEBUG] TrendlineBreakDetector: Start DetectBreakoutOHLC, bitmap size: 353x181
[2025-07-30 21:52:18.766] [DEBUG] TrendlineBreakDetector: Found 0 white pixels
[2025-07-30 21:52:18.766] [DEBUG] TrendlineBreakDetector: Found 0 clusters
[2025-07-30 21:52:18.766] [INFO] TrendlineBreakDetector: No white line cluster detected
[2025-07-30 21:52:18.769] [INFO] CaptureTrackingService: [C:\apps\jforex-trading-terminal-win10\bin\Debug\net6.0-windows\CAPTURES\20250730213719454\tracking.png] Trendline not detected.
[2025-07-30 21:52:18.769] [DEBUG] CaptureTrackingService: TrendlineBreakDetector result for C:\apps\jforex-trading-terminal-win10\bin\Debug\net6.0-windows\CAPTURES\20250730213719454\tracking.png: NoTrendline
[2025-07-30 21:52:18.771] [DEBUG] CaptureTrackingService: Обработка capture ID=20250730214247265, Handle=459708, X=1178, Y=508, W=374, H=192
[2025-07-30 21:52:18.784] [DEBUG] TrendlineBreakDetector: Start DetectBreakoutOHLC, bitmap size: 374x192
[2025-07-30 21:52:18.809] [DEBUG] TrendlineBreakDetector: Found 0 white pixels
[2025-07-30 21:52:18.810] [DEBUG] TrendlineBreakDetector: Found 0 clusters
[2025-07-30 21:52:18.810] [INFO] TrendlineBreakDetector: No white line cluster detected
[2025-07-30 21:52:18.812] [INFO] CaptureTrackingService: [C:\apps\jforex-trading-terminal-win10\bin\Debug\net6.0-windows\CAPTURES\20250730214247265\tracking.png] Trendline not detected.
[2025-07-30 21:52:18.813] [DEBUG] CaptureTrackingService: TrendlineBreakDetector result for C:\apps\jforex-trading-terminal-win10\bin\Debug\net6.0-windows\CAPTURES\20250730214247265\tracking.png: NoTrendline
[2025-07-30 21:52:18.814] [DEBUG] CaptureTrackingService: Обработка capture ID=20250730215214776, Handle=458778, X=720, Y=263, W=234, H=85
[2025-07-30 21:52:18.827] [DEBUG] TrendlineBreakDetector: Start DetectBreakoutOHLC, bitmap size: 234x85
[2025-07-30 21:52:18.835] [DEBUG] TrendlineBreakDetector: Found 302 white pixels
[2025-07-30 21:52:18.836] [DEBUG] TrendlineBreakDetector: Found 2 clusters
[2025-07-30 21:52:18.836] [DEBUG] Cluster: size=301, len=191,7, center=(118,5,42,0), score=0,008
[2025-07-30 21:52:18.836] [DEBUG] TrendlineBreakDetector: Selected white line from (25,63) to (212,21)
[2025-07-30 21:52:18.836] [DEBUG] TrendlineBreakDetector: Trendline direction: Upward (SELL), searching for SELL breakout
[2025-07-30 21:52:18.837] [INFO] TrendlineBreakDetector: Trendline detected, breakout NOT found. Type: SELL
[2025-07-30 21:52:18.839] [INFO] CaptureTrackingService: [C:\apps\jforex-trading-terminal-win10\bin\Debug\net6.0-windows\CAPTURES\20250730215214776\tracking.png] Trendline detected, breakout NOT found.
[2025-07-30 21:52:18.839] [DEBUG] CaptureTrackingService: TrendlineBreakDetector result for C:\apps\jforex-trading-terminal-win10\bin\Debug\net6.0-windows\CAPTURES\20250730215214776\tracking.png: NoBreakout
[2025-07-30 21:52:18.894] [DEBUG] Z hotkey detected and service is enabled
[2025-07-30 21:52:18.895] [INFO] [DEBUG] OnLeftShiftHotkey event in MainWindow
[2025-07-30 21:52:19.859] [INFO] CaptureTrackingService: Папка трекинга очищена: C:\apps\jforex-trading-terminal-win10\bin\Debug\net6.0-windows\Tracking\captures
[2025-07-30 21:52:19.859] [DEBUG] CaptureTrackingService: Обработка capture ID=20250730195352698, Handle=2753632, X=1233, Y=263, W=378, H=188
[2025-07-30 21:52:19.860] [ERROR] CaptureWindow: Invalid window size width=0, height=0 for handle=2753632
[2025-07-30 21:52:19.860] [WARNING] CaptureTrackingService: Не удалось получить скриншот окна Handle=2753632
[2025-07-30 21:52:19.860] [DEBUG] CaptureTrackingService: Обработка capture ID=20250730201131876, Handle=2753632, X=1039, Y=573, W=430, H=131
[2025-07-30 21:52:19.861] [ERROR] CaptureWindow: Invalid window size width=0, height=0 for handle=2753632
[2025-07-30 21:52:19.861] [WARNING] CaptureTrackingService: Не удалось получить скриншот окна Handle=2753632
[2025-07-30 21:52:19.861] [DEBUG] CaptureTrackingService: Обработка capture ID=20250730213719454, Handle=459708, X=1177, Y=489, W=353, H=181
[2025-07-30 21:52:19.882] [DEBUG] TrendlineBreakDetector: Start DetectBreakoutOHLC, bitmap size: 353x181
[2025-07-30 21:52:19.909] [DEBUG] TrendlineBreakDetector: Found 0 white pixels
[2025-07-30 21:52:19.909] [DEBUG] TrendlineBreakDetector: Found 0 clusters
[2025-07-30 21:52:19.909] [INFO] TrendlineBreakDetector: No white line cluster detected
[2025-07-30 21:52:19.912] [INFO] CaptureTrackingService: [C:\apps\jforex-trading-terminal-win10\bin\Debug\net6.0-windows\CAPTURES\20250730213719454\tracking.png] Trendline not detected.
[2025-07-30 21:52:19.912] [DEBUG] CaptureTrackingService: TrendlineBreakDetector result for C:\apps\jforex-trading-terminal-win10\bin\Debug\net6.0-windows\CAPTURES\20250730213719454\tracking.png: NoTrendline
[2025-07-30 21:52:19.913] [DEBUG] CaptureTrackingService: Обработка capture ID=20250730214247265, Handle=459708, X=1178, Y=508, W=374, H=192
[2025-07-30 21:52:19.925] [DEBUG] TrendlineBreakDetector: Start DetectBreakoutOHLC, bitmap size: 374x192
[2025-07-30 21:52:19.948] [DEBUG] TrendlineBreakDetector: Found 0 white pixels
[2025-07-30 21:52:19.949] [DEBUG] TrendlineBreakDetector: Found 0 clusters
[2025-07-30 21:52:19.949] [INFO] TrendlineBreakDetector: No white line cluster detected
[2025-07-30 21:52:19.952] [INFO] CaptureTrackingService: [C:\apps\jforex-trading-terminal-win10\bin\Debug\net6.0-windows\CAPTURES\20250730214247265\tracking.png] Trendline not detected.
[2025-07-30 21:52:19.952] [DEBUG] CaptureTrackingService: TrendlineBreakDetector result for C:\apps\jforex-trading-terminal-win10\bin\Debug\net6.0-windows\CAPTURES\20250730214247265\tracking.png: NoTrendline
[2025-07-30 21:52:19.953] [DEBUG] CaptureTrackingService: Обработка capture ID=20250730215214776, Handle=458778, X=720, Y=263, W=234, H=85
[2025-07-30 21:52:19.965] [DEBUG] TrendlineBreakDetector: Start DetectBreakoutOHLC, bitmap size: 234x85
[2025-07-30 21:52:19.972] [DEBUG] TrendlineBreakDetector: Found 330 white pixels
[2025-07-30 21:52:19.973] [DEBUG] TrendlineBreakDetector: Found 1 clusters
[2025-07-30 21:52:19.973] [DEBUG] Cluster: size=330, len=196,5, center=(118,0,42,0), score=0,005
[2025-07-30 21:52:19.973] [DEBUG] TrendlineBreakDetector: Selected white line from (22,63) to (214,21)
[2025-07-30 21:52:19.974] [DEBUG] TrendlineBreakDetector: Trendline direction: Upward (SELL), searching for SELL breakout
[2025-07-30 21:52:19.974] [INFO] TrendlineBreakDetector: Trendline detected, breakout NOT found. Type: SELL
[2025-07-30 21:52:19.976] [INFO] CaptureTrackingService: [C:\apps\jforex-trading-terminal-win10\bin\Debug\net6.0-windows\CAPTURES\20250730215214776\tracking.png] Trendline detected, breakout NOT found.
[2025-07-30 21:52:19.977] [DEBUG] CaptureTrackingService: TrendlineBreakDetector result for C:\apps\jforex-trading-terminal-win10\bin\Debug\net6.0-windows\CAPTURES\20250730215214776\tracking.png: NoBreakout
[2025-07-30 21:52:20.218] [INFO] CaptureTrackingService: Updated IsSkipped=True for capture ID=20250730215214776, Handle=458778
[2025-07-30 21:52:20.376] [INFO] CaptureTrackingService: Updated IsSkipped=True for capture ID=20250730214247265, Handle=459708
[2025-07-30 21:52:20.544] [INFO] CaptureTrackingService: Updated IsSkipped=True for capture ID=20250730213719454, Handle=459708
[2025-07-30 21:52:20.815] [INFO] CaptureTrackingService: Updated IsSkipped=True for capture ID=20250730201131876, Handle=2753632
[2025-07-30 21:52:20.962] [INFO] CaptureTrackingService: Updated IsSkipped=True for capture ID=20250730195352698, Handle=2753632
[2025-07-30 21:52:21.398] [DEBUG] Z hotkey detected and service is enabled
[2025-07-30 21:52:21.399] [INFO] [DEBUG] OnLeftShiftHotkey event in MainWindow
[2025-07-30 21:52:23.830] [DEBUG] Escape key detected and service is enabled
[2025-07-30 21:52:23.831] [DEBUG] Escape key pressed - starting cleanup
[2025-07-30 21:52:23.831] [DEBUG] Before cleanup: isCapturing=False, overlay=null
[2025-07-30 21:52:23.831] [DEBUG] No overlay to close
[2025-07-30 21:52:23.831] [DEBUG] After cleanup: isCapturing=False, overlay=null
[2025-07-30 21:52:24.006] [DEBUG] Escape key detected and service is enabled
[2025-07-30 21:52:24.007] [DEBUG] Escape key pressed - starting cleanup
[2025-07-30 21:52:24.007] [DEBUG] Before cleanup: isCapturing=False, overlay=null
[2025-07-30 21:52:24.007] [DEBUG] No overlay to close
[2025-07-30 21:52:24.008] [DEBUG] After cleanup: isCapturing=False, overlay=null
[2025-07-30 21:52:26.057] [INFO] Applied default toolbar settings for window 459708
[2025-07-30 21:52:26.058] [INFO] Overlay positioned on window 459708 (symbol: XAUUSD): Left=1920, Top=0, Width=1920
[2025-07-30 21:52:28.022] [ERROR] Failed to connect to Pocket Option socket at 192.168.0.3:65300
Exception: Попытка установить соединение была безуспешной, т.к. от другого компьютера за требуемое время не получен нужный отклик, или было разорвано уже установленное соединение из-за неверного отклика уже подключенного компьютера.
StackTrace:    at System.Net.Sockets.Socket.AwaitableSocketAsyncEventArgs.ThrowException(SocketError error, CancellationToken cancellationToken)
   at System.Net.Sockets.Socket.AwaitableSocketAsyncEventArgs.System.Threading.Tasks.Sources.IValueTaskSource.GetResult(Int16 token)
   at System.Threading.Tasks.ValueTask.ValueTaskSourceAsTask.<>c.<.cctor>b__4_0(Object state)
--- End of stack trace from previous location ---
   at System.Net.Sockets.TcpClient.CompleteConnectAsync(Task task)
   at ScreenCaptureApp.Services.BinaryOptionsSocketService.ConnectAsync() in C:\apps\jforex-trading-terminal-win10\Services\BinaryOptionsSocketService.cs:line 146
[2025-07-30 21:52:47.350] [DEBUG] F key detected and service is enabled
[2025-07-30 21:52:47.351] [DEBUG] Target window captured (Handle: 0x103A6)
[2025-07-30 21:52:47.351] [DEBUG] T key pressed - starting capture
[2025-07-30 21:52:47.352] [DEBUG] StartCapture_Click called. isCapturing: False, overlay: null
[2025-07-30 21:52:47.352] [DEBUG] Starting capture...
[2025-07-30 21:52:47.353] [DEBUG] StartCapture method called
[2025-07-30 21:52:47.353] [DEBUG] Starting capture... Press hotkey again to stop
[2025-07-30 21:52:47.364] [DEBUG] Overlay created: ScreenCaptureApp.ScreenCaptureOverlay
[2025-07-30 21:52:47.364] [DEBUG] Event handler subscribed
[2025-07-30 21:52:47.459] [DEBUG] Overlay shown
[2025-07-30 21:52:48.054] [DEBUG] F key detected and service is enabled
[2025-07-30 21:52:48.055] [DEBUG] Target window captured (Handle: 0x3040E)
[2025-07-30 21:52:48.055] [DEBUG] T key pressed - starting capture
[2025-07-30 21:52:48.055] [DEBUG] StartCapture_Click called. isCapturing: True, overlay: not null
[2025-07-30 21:52:48.055] [DEBUG] Capture already in progress, ignoring click
[2025-07-30 21:52:48.558] [DEBUG] Escape key detected and service is enabled
[2025-07-30 21:52:48.558] [DEBUG] Escape key pressed - starting cleanup
[2025-07-30 21:52:48.558] [DEBUG] Before cleanup: isCapturing=True, overlay=not null
[2025-07-30 21:52:48.559] [DEBUG] Overlay exists, IsVisible=True
[2025-07-30 21:52:48.570] [INFO] Applied default toolbar settings for window 458778
[2025-07-30 21:52:48.571] [INFO] Overlay positioned on window 458778 (symbol: XAUUSD): Left=0, Top=0, Width=1920
[2025-07-30 21:52:48.573] [DEBUG] Overlay closed and state reset
[2025-07-30 21:52:48.573] [DEBUG] After cleanup: isCapturing=False, overlay=null
[2025-07-30 21:52:50.302] [INFO] MainWindow closing - cleaning up resources
[2025-07-30 21:52:50.306] [INFO] SimpleTradingOverlay closed
[2025-07-30 21:52:50.309] [INFO] Disconnecting from MT4 socket
[2025-07-30 21:52:50.309] [WARNING] Not connected to MT4 socket
[2025-07-30 21:52:50.311] [INFO] Disconnecting from Pocket Option socket
[2025-07-30 21:52:50.312] [WARNING] Not connected to Pocket Option socket
[2025-07-30 21:52:50.312] [INFO] All services cleaned up
[2025-07-30 21:52:50.312] [INFO] MainWindow cleanup completed
[2025-07-30 21:52:50.312] [INFO] Disconnecting from MT4 socket
[2025-07-30 21:52:50.312] [WARNING] Not connected to MT4 socket
[2025-07-30 21:52:50.313] [INFO] Disconnecting from Pocket Option socket
[2025-07-30 21:52:50.313] [WARNING] Not connected to Pocket Option socket
[2025-07-30 21:52:50.313] [INFO] All services cleaned up
[2025-07-30 21:57:28.279] [INFO] MT4 Socket Service initialized
[2025-07-30 21:57:28.290] [INFO] Binary Options Socket Service initialized
[2025-07-30 21:57:28.294] [INFO] All services registered in DI container
[2025-07-30 21:57:28.302] [INFO] Attempting to connect to Pocket Option socket at 192.168.0.3:65300
[2025-07-30 21:57:28.561] [INFO] MT4 Socket Service initialized in MainWindow
[2025-07-30 21:57:28.563] [INFO] MT4 Socket Service subscribed to CaptureTrackingService BreakoutDetected event
[2025-07-30 21:57:28.565] [INFO] Binary Options Socket Service subscribed to CaptureTrackingService BreakoutDetected event
[2025-07-30 21:57:28.651] [INFO] Mouse hook set successfully
[2025-07-30 21:57:28.652] [INFO] SimpleTradingOverlay initialized successfully
[2025-07-30 21:57:29.107] [INFO] === MONITOR INFORMATION ===
[2025-07-30 21:57:29.107] [INFO] Total monitors detected: 2
[2025-07-30 21:57:29.108] [INFO] Monitor 0:
[2025-07-30 21:57:29.108] [INFO]   - Primary: True
[2025-07-30 21:57:29.108] [INFO]   - Device Name: \\.\DISPLAY1
[2025-07-30 21:57:29.109] [INFO]   - Bounds: X=0, Y=0, Width=1920, Height=1080
[2025-07-30 21:57:29.109] [INFO]   - Working Area: X=0, Y=0, Width=1920, Height=1040
[2025-07-30 21:57:29.109] [INFO]   - Left Boundary: 0
[2025-07-30 21:57:29.109] [INFO]   - Top Boundary: 0
[2025-07-30 21:57:29.110] [INFO]   - Right Boundary: 1920
[2025-07-30 21:57:29.110] [INFO]   - Bottom Boundary: 1080
[2025-07-30 21:57:29.110] [INFO] Monitor 1:
[2025-07-30 21:57:29.110] [INFO]   - Primary: False
[2025-07-30 21:57:29.110] [INFO]   - Device Name: \\.\DISPLAY2
[2025-07-30 21:57:29.110] [INFO]   - Bounds: X=1920, Y=0, Width=1920, Height=1080
[2025-07-30 21:57:29.111] [INFO]   - Working Area: X=1920, Y=0, Width=1920, Height=1040
[2025-07-30 21:57:29.111] [INFO]   - Left Boundary: 1920
[2025-07-30 21:57:29.111] [INFO]   - Top Boundary: 0
[2025-07-30 21:57:29.111] [INFO]   - Right Boundary: 3840
[2025-07-30 21:57:29.111] [INFO]   - Bottom Boundary: 1080
[2025-07-30 21:57:29.111] [INFO] === END MONITOR INFORMATION ===
[2025-07-30 21:57:29.253] [INFO] Attempting to connect to MT4 socket at 127.0.0.1:23456
[2025-07-30 21:57:29.968] [INFO] Applied default toolbar settings for window 458778
[2025-07-30 21:57:30.023] [INFO] Overlay positioned on window 458778 (symbol: XAUUSD): Left=0, Top=0, Width=1920
[2025-07-30 21:57:31.306] [ERROR] Failed to connect to MT4 socket at 127.0.0.1:23456
Exception: Подключение не установлено, т.к. конечный компьютер отверг запрос на подключение.
StackTrace:    at System.Net.Sockets.Socket.AwaitableSocketAsyncEventArgs.ThrowException(SocketError error, CancellationToken cancellationToken)
   at System.Net.Sockets.Socket.AwaitableSocketAsyncEventArgs.System.Threading.Tasks.Sources.IValueTaskSource.GetResult(Int16 token)
   at System.Threading.Tasks.ValueTask.ValueTaskSourceAsTask.<>c.<.cctor>b__4_0(Object state)
--- End of stack trace from previous location ---
   at System.Net.Sockets.TcpClient.CompleteConnectAsync(Task task)
   at ScreenCaptureApp.Services.Mt4SocketService.ConnectAsync() in C:\apps\jforex-trading-terminal-win10\Services\Mt4SocketService.cs:line 167
[2025-07-30 21:57:31.307] [DEBUG] MT4 Connection: Connection failed: Подключение не установлено, т.к. конечный компьютер отверг запрос на подключение.
[2025-07-30 21:57:31.307] [INFO] MT4 Connection status: Connection failed: Подключение не установлено, т.к. конечный компьютер отверг запрос на подключение.
[2025-07-30 21:57:31.508] [DEBUG] Space key detected and service is enabled
[2025-07-30 21:57:31.512] [DEBUG] Target window captured (Handle: 0x7001A)
[2025-07-30 21:57:31.566] [INFO] Window activated - focus set to InkCanvas
[2025-07-30 21:57:31.569] [INFO] Window loaded for handler 458778
[2025-07-30 21:57:31.724] [INFO] InkCanvas initialized successfully with Yellow brush for DrawingCanvas and White for TradingCanvas
[2025-07-30 21:57:31.731] [INFO] Canvas loaded: C:\apps\jforex-trading-terminal-win10\bin\Debug\net6.0-windows\Canvases\458778.xaml
[2025-07-30 21:57:31.732] [INFO] Brush mode updated: Simple mode
[2025-07-30 21:57:31.733] [INFO] Active symbol display hidden - no active symbol
[2025-07-30 21:57:31.765] [DEBUG] Canvas window opened
[2025-07-30 21:57:31.766] [DEBUG] New CanvasWindow opened
[2025-07-30 21:57:32.315] [DEBUG] Space key detected and service is enabled
[2025-07-30 21:57:32.316] [INFO] Brush mode updated: Trading mode
[2025-07-30 21:57:32.317] [DEBUG] Space pressed over CanvasWindow: toggled trading mode
[2025-07-30 21:57:32.859] [INFO] Mouse move on InkCanvas at 687;286
[2025-07-30 21:57:32.869] [INFO] Mouse move on InkCanvas at 687;286
[2025-07-30 21:57:32.872] [INFO] Mouse move on InkCanvas at 696;284
[2025-07-30 21:57:32.874] [INFO] Mouse move on InkCanvas at 723;280
[2025-07-30 21:57:32.878] [INFO] Mouse move on InkCanvas at 742;279
[2025-07-30 21:57:32.885] [INFO] Mouse move on InkCanvas at 761;279
[2025-07-30 21:57:32.893] [INFO] Mouse move on InkCanvas at 783;279
[2025-07-30 21:57:32.901] [INFO] Mouse move on InkCanvas at 805;279
[2025-07-30 21:57:32.909] [INFO] Mouse move on InkCanvas at 824;279
[2025-07-30 21:57:32.917] [INFO] Mouse move on InkCanvas at 843;279
[2025-07-30 21:57:32.925] [INFO] Mouse move on InkCanvas at 862;279
[2025-07-30 21:57:32.934] [INFO] Mouse move on InkCanvas at 879;279
[2025-07-30 21:57:32.941] [INFO] Mouse move on InkCanvas at 893;279
[2025-07-30 21:57:32.950] [INFO] Mouse move on InkCanvas at 905;279
[2025-07-30 21:57:32.957] [INFO] Mouse move on InkCanvas at 916;279
[2025-07-30 21:57:32.965] [INFO] Mouse move on InkCanvas at 923;279
[2025-07-30 21:57:32.973] [INFO] Mouse move on InkCanvas at 925;279
[2025-07-30 21:57:32.981] [INFO] Mouse move on InkCanvas at 927;279
[2025-07-30 21:57:32.998] [INFO] Mouse move on InkCanvas at 928;279
[2025-07-30 21:57:33.002] [INFO] Trading stroke collected - processing immediately
[2025-07-30 21:57:33.006] [INFO] CaptureData created: ID=20250730215733006, Symbol=, Risk=1, Duration=2, Broker=Forex, Source=window
[2025-07-30 21:57:33.074] [INFO] Settings updated from capture
[2025-07-30 21:57:33.075] [INFO] Window closing: saving canvas
[2025-07-30 21:57:33.083] [ERROR] Error saving canvas: Значение параметра должно быть больше 0. (Parameter 'pixelWidth')
Exception: Значение параметра должно быть больше 0. (Parameter 'pixelWidth')
StackTrace:    at System.Windows.Media.Imaging.RenderTargetBitmap..ctor(Int32 pixelWidth, Int32 pixelHeight, Double dpiX, Double dpiY, PixelFormat pixelFormat)
   at ScreenCaptureApp.CanvasWindow.SaveCanvas() in C:\apps\jforex-trading-terminal-win10\CanvasWindow.xaml.cs:line 543
[2025-07-30 21:57:33.084] [INFO] Canvas saved properly
[2025-07-30 21:57:33.095] [INFO] Mouse up on InkCanvas at 0;0
[2025-07-30 21:57:33.349] [INFO] CaptureTrackingService: Папка трекинга очищена: C:\apps\jforex-trading-terminal-win10\bin\Debug\net6.0-windows\Tracking\captures
[2025-07-30 21:57:33.350] [DEBUG] CaptureTrackingService: Обработка capture ID=20250730215733006, Handle=458778, X=666, Y=257, W=282, H=49
[2025-07-30 21:57:33.381] [DEBUG] TrendlineBreakDetector: Start DetectBreakoutOHLC, bitmap size: 282x49
[2025-07-30 21:57:33.394] [DEBUG] TrendlineBreakDetector: Found 0 white pixels
[2025-07-30 21:57:33.394] [DEBUG] TrendlineBreakDetector: Found 0 clusters
[2025-07-30 21:57:33.394] [INFO] TrendlineBreakDetector: No white line cluster detected
[2025-07-30 21:57:33.400] [INFO] CaptureTrackingService: [C:\apps\jforex-trading-terminal-win10\bin\Debug\net6.0-windows\CAPTURES\20250730215733006\tracking.png] Trendline not detected.
[2025-07-30 21:57:33.401] [DEBUG] CaptureTrackingService: TrendlineBreakDetector result for C:\apps\jforex-trading-terminal-win10\bin\Debug\net6.0-windows\CAPTURES\20250730215733006\tracking.png: NoTrendline
[2025-07-30 21:57:34.414] [INFO] CaptureTrackingService: Папка трекинга очищена: C:\apps\jforex-trading-terminal-win10\bin\Debug\net6.0-windows\Tracking\captures
[2025-07-30 21:57:34.414] [DEBUG] CaptureTrackingService: Обработка capture ID=20250730215733006, Handle=458778, X=666, Y=257, W=282, H=49
[2025-07-30 21:57:34.425] [DEBUG] TrendlineBreakDetector: Start DetectBreakoutOHLC, bitmap size: 282x49
[2025-07-30 21:57:34.431] [DEBUG] TrendlineBreakDetector: Found 394 white pixels
[2025-07-30 21:57:34.433] [DEBUG] TrendlineBreakDetector: Found 7 clusters
[2025-07-30 21:57:34.434] [DEBUG] Cluster: size=65, len=45,0, center=(237,5,22,0), score=2,143
[2025-07-30 21:57:34.434] [DEBUG] Cluster: size=55, len=42,0, center=(202,0,23,0), score=1,451
[2025-07-30 21:57:34.435] [DEBUG] Cluster: size=57, len=43,0, center=(167,5,24,0), score=0,616
[2025-07-30 21:57:34.435] [DEBUG] Cluster: size=55, len=42,0, center=(133,0,25,0), score=0,192
[2025-07-30 21:57:34.435] [DEBUG] Cluster: size=57, len=43,0, center=(98,5,26,0), score=0,988
[2025-07-30 21:57:34.435] [DEBUG] Cluster: size=58, len=43,0, center=(63,5,27,0), score=1,802
[2025-07-30 21:57:34.436] [DEBUG] Cluster: size=47, len=30,0, center=(35,0,27,5), score=3,533
[2025-07-30 21:57:34.436] [DEBUG] TrendlineBreakDetector: Selected white line from (112,26) to (154,24)
[2025-07-30 21:57:34.436] [DEBUG] TrendlineBreakDetector: Trendline direction: Upward (SELL), searching for SELL breakout
[2025-07-30 21:57:34.438] [INFO] TrendlineBreakDetector: Trendline detected, breakout NOT found. Type: SELL
[2025-07-30 21:57:34.441] [INFO] CaptureTrackingService: [C:\apps\jforex-trading-terminal-win10\bin\Debug\net6.0-windows\CAPTURES\20250730215733006\tracking.png] Trendline detected, breakout NOT found.
[2025-07-30 21:57:34.441] [DEBUG] CaptureTrackingService: TrendlineBreakDetector result for C:\apps\jforex-trading-terminal-win10\bin\Debug\net6.0-windows\CAPTURES\20250730215733006\tracking.png: NoBreakout
[2025-07-30 21:57:35.227] [DEBUG] Escape key detected and service is enabled
[2025-07-30 21:57:35.228] [DEBUG] Escape key pressed - starting cleanup
[2025-07-30 21:57:35.228] [DEBUG] Before cleanup: isCapturing=False, overlay=null
[2025-07-30 21:57:35.228] [DEBUG] No overlay to close
[2025-07-30 21:57:35.229] [DEBUG] After cleanup: isCapturing=False, overlay=null
[2025-07-30 21:57:35.445] [INFO] CaptureTrackingService: Папка трекинга очищена: C:\apps\jforex-trading-terminal-win10\bin\Debug\net6.0-windows\Tracking\captures
[2025-07-30 21:57:35.445] [DEBUG] CaptureTrackingService: Обработка capture ID=20250730215733006, Handle=458778, X=666, Y=257, W=282, H=49
[2025-07-30 21:57:35.461] [DEBUG] TrendlineBreakDetector: Start DetectBreakoutOHLC, bitmap size: 282x49
[2025-07-30 21:57:35.467] [DEBUG] TrendlineBreakDetector: Found 447 white pixels
[2025-07-30 21:57:35.469] [DEBUG] TrendlineBreakDetector: Found 10 clusters
[2025-07-30 21:57:35.469] [DEBUG] Cluster: size=58, len=43,0, center=(236,5,22,0), score=2,219
[2025-07-30 21:57:35.470] [DEBUG] Cluster: size=55, len=42,0, center=(202,0,23,0), score=1,451
[2025-07-30 21:57:35.470] [DEBUG] Cluster: size=57, len=43,0, center=(167,5,24,0), score=0,616
[2025-07-30 21:57:35.470] [DEBUG] Cluster: size=45, len=42,0, center=(133,0,25,0), score=0,192
[2025-07-30 21:57:35.470] [DEBUG] Cluster: size=57, len=43,0, center=(98,5,26,0), score=0,988
[2025-07-30 21:57:35.470] [DEBUG] Cluster: size=58, len=43,0, center=(63,5,27,0), score=1,802
[2025-07-30 21:57:35.470] [DEBUG] Cluster: size=45, len=28,0, center=(36,0,28,0), score=3,753
[2025-07-30 21:57:35.470] [DEBUG] Cluster: size=14, len=19,2, center=(131,5,40,5), score=0,990
[2025-07-30 21:57:35.471] [DEBUG] Cluster: size=49, len=45,2, center=(166,5,41,0), score=0,678
[2025-07-30 21:57:35.471] [DEBUG] TrendlineBreakDetector: Selected white line from (112,26) to (154,24)
[2025-07-30 21:57:35.471] [DEBUG] TrendlineBreakDetector: Trendline direction: Upward (SELL), searching for SELL breakout
[2025-07-30 21:57:35.472] [INFO] TrendlineBreakDetector: Trendline detected, breakout NOT found. Type: SELL
[2025-07-30 21:57:35.474] [INFO] CaptureTrackingService: [C:\apps\jforex-trading-terminal-win10\bin\Debug\net6.0-windows\CAPTURES\20250730215733006\tracking.png] Trendline detected, breakout NOT found.
[2025-07-30 21:57:35.475] [DEBUG] CaptureTrackingService: TrendlineBreakDetector result for C:\apps\jforex-trading-terminal-win10\bin\Debug\net6.0-windows\CAPTURES\20250730215733006\tracking.png: NoBreakout
[2025-07-30 21:57:36.488] [INFO] CaptureTrackingService: Папка трекинга очищена: C:\apps\jforex-trading-terminal-win10\bin\Debug\net6.0-windows\Tracking\captures
[2025-07-30 21:57:36.488] [DEBUG] CaptureTrackingService: Обработка capture ID=20250730215733006, Handle=458778, X=666, Y=257, W=282, H=49
[2025-07-30 21:57:36.502] [DEBUG] TrendlineBreakDetector: Start DetectBreakoutOHLC, bitmap size: 282x49
[2025-07-30 21:57:36.507] [DEBUG] TrendlineBreakDetector: Found 394 white pixels
[2025-07-30 21:57:36.509] [DEBUG] TrendlineBreakDetector: Found 7 clusters
[2025-07-30 21:57:36.509] [DEBUG] Cluster: size=65, len=45,0, center=(237,5,22,0), score=2,143
[2025-07-30 21:57:36.509] [DEBUG] Cluster: size=55, len=42,0, center=(202,0,23,0), score=1,451
[2025-07-30 21:57:36.509] [DEBUG] Cluster: size=57, len=43,0, center=(167,5,24,0), score=0,616
[2025-07-30 21:57:36.510] [DEBUG] Cluster: size=55, len=42,0, center=(133,0,25,0), score=0,192
[2025-07-30 21:57:36.510] [DEBUG] Cluster: size=57, len=43,0, center=(98,5,26,0), score=0,988
[2025-07-30 21:57:36.510] [DEBUG] Cluster: size=58, len=43,0, center=(63,5,27,0), score=1,802
[2025-07-30 21:57:36.510] [DEBUG] Cluster: size=47, len=30,0, center=(35,0,27,5), score=3,533
[2025-07-30 21:57:36.510] [DEBUG] TrendlineBreakDetector: Selected white line from (112,26) to (154,24)
[2025-07-30 21:57:36.511] [DEBUG] TrendlineBreakDetector: Trendline direction: Upward (SELL), searching for SELL breakout
[2025-07-30 21:57:36.512] [INFO] TrendlineBreakDetector: Trendline detected, breakout NOT found. Type: SELL
[2025-07-30 21:57:36.514] [INFO] CaptureTrackingService: [C:\apps\jforex-trading-terminal-win10\bin\Debug\net6.0-windows\CAPTURES\20250730215733006\tracking.png] Trendline detected, breakout NOT found.
[2025-07-30 21:57:36.514] [DEBUG] CaptureTrackingService: TrendlineBreakDetector result for C:\apps\jforex-trading-terminal-win10\bin\Debug\net6.0-windows\CAPTURES\20250730215733006\tracking.png: NoBreakout
[2025-07-30 21:57:37.522] [INFO] CaptureTrackingService: Папка трекинга очищена: C:\apps\jforex-trading-terminal-win10\bin\Debug\net6.0-windows\Tracking\captures
[2025-07-30 21:57:37.522] [DEBUG] CaptureTrackingService: Обработка capture ID=20250730215733006, Handle=458778, X=666, Y=257, W=282, H=49
[2025-07-30 21:57:37.541] [DEBUG] TrendlineBreakDetector: Start DetectBreakoutOHLC, bitmap size: 282x49
[2025-07-30 21:57:37.551] [DEBUG] TrendlineBreakDetector: Found 394 white pixels
[2025-07-30 21:57:37.554] [DEBUG] TrendlineBreakDetector: Found 7 clusters
[2025-07-30 21:57:37.554] [DEBUG] Cluster: size=65, len=45,0, center=(237,5,22,0), score=2,143
[2025-07-30 21:57:37.554] [DEBUG] Cluster: size=55, len=42,0, center=(202,0,23,0), score=1,451
[2025-07-30 21:57:37.555] [DEBUG] Cluster: size=57, len=43,0, center=(167,5,24,0), score=0,616
[2025-07-30 21:57:37.555] [DEBUG] Cluster: size=55, len=42,0, center=(133,0,25,0), score=0,192
[2025-07-30 21:57:37.556] [DEBUG] Cluster: size=57, len=43,0, center=(98,5,26,0), score=0,988
[2025-07-30 21:57:37.556] [DEBUG] Cluster: size=58, len=43,0, center=(63,5,27,0), score=1,802
[2025-07-30 21:57:37.556] [DEBUG] Cluster: size=47, len=30,0, center=(35,0,27,5), score=3,533
[2025-07-30 21:57:37.557] [DEBUG] TrendlineBreakDetector: Selected white line from (112,26) to (154,24)
[2025-07-30 21:57:37.557] [DEBUG] TrendlineBreakDetector: Trendline direction: Upward (SELL), searching for SELL breakout
[2025-07-30 21:57:37.559] [INFO] TrendlineBreakDetector: Trendline detected, breakout NOT found. Type: SELL
[2025-07-30 21:57:37.562] [INFO] CaptureTrackingService: [C:\apps\jforex-trading-terminal-win10\bin\Debug\net6.0-windows\CAPTURES\20250730215733006\tracking.png] Trendline detected, breakout NOT found.
[2025-07-30 21:57:37.562] [DEBUG] CaptureTrackingService: TrendlineBreakDetector result for C:\apps\jforex-trading-terminal-win10\bin\Debug\net6.0-windows\CAPTURES\20250730215733006\tracking.png: NoBreakout
[2025-07-30 21:57:37.827] [DEBUG] Z hotkey detected and service is enabled
[2025-07-30 21:57:37.827] [INFO] [DEBUG] OnLeftShiftHotkey event in MainWindow
[2025-07-30 21:57:38.573] [INFO] CaptureTrackingService: Папка трекинга очищена: C:\apps\jforex-trading-terminal-win10\bin\Debug\net6.0-windows\Tracking\captures
[2025-07-30 21:57:38.573] [DEBUG] CaptureTrackingService: Обработка capture ID=20250730215733006, Handle=458778, X=666, Y=257, W=282, H=49
[2025-07-30 21:57:38.592] [DEBUG] TrendlineBreakDetector: Start DetectBreakoutOHLC, bitmap size: 282x49
[2025-07-30 21:57:38.602] [DEBUG] TrendlineBreakDetector: Found 394 white pixels
[2025-07-30 21:57:38.605] [DEBUG] TrendlineBreakDetector: Found 7 clusters
[2025-07-30 21:57:38.606] [DEBUG] Cluster: size=65, len=45,0, center=(237,5,22,0), score=2,143
[2025-07-30 21:57:38.606] [DEBUG] Cluster: size=55, len=42,0, center=(202,0,23,0), score=1,451
[2025-07-30 21:57:38.607] [DEBUG] Cluster: size=57, len=43,0, center=(167,5,24,0), score=0,616
[2025-07-30 21:57:38.607] [DEBUG] Cluster: size=55, len=42,0, center=(133,0,25,0), score=0,192
[2025-07-30 21:57:38.607] [DEBUG] Cluster: size=57, len=43,0, center=(98,5,26,0), score=0,988
[2025-07-30 21:57:38.607] [DEBUG] Cluster: size=58, len=43,0, center=(63,5,27,0), score=1,802
[2025-07-30 21:57:38.608] [DEBUG] Cluster: size=47, len=30,0, center=(35,0,27,5), score=3,533
[2025-07-30 21:57:38.608] [DEBUG] TrendlineBreakDetector: Selected white line from (112,26) to (154,24)
[2025-07-30 21:57:38.609] [DEBUG] TrendlineBreakDetector: Trendline direction: Upward (SELL), searching for SELL breakout
[2025-07-30 21:57:38.610] [INFO] TrendlineBreakDetector: Trendline detected, breakout NOT found. Type: SELL
[2025-07-30 21:57:38.613] [INFO] CaptureTrackingService: [C:\apps\jforex-trading-terminal-win10\bin\Debug\net6.0-windows\CAPTURES\20250730215733006\tracking.png] Trendline detected, breakout NOT found.
[2025-07-30 21:57:38.613] [DEBUG] CaptureTrackingService: TrendlineBreakDetector result for C:\apps\jforex-trading-terminal-win10\bin\Debug\net6.0-windows\CAPTURES\20250730215733006\tracking.png: NoBreakout
[2025-07-30 21:57:39.326] [INFO] CaptureTrackingService: Updated IsSkipped=True for capture ID=20250730215733006, Handle=458778
[2025-07-30 21:57:39.763] [DEBUG] Escape key detected and service is enabled
[2025-07-30 21:57:39.763] [DEBUG] Escape key pressed - starting cleanup
[2025-07-30 21:57:39.764] [DEBUG] Before cleanup: isCapturing=False, overlay=null
[2025-07-30 21:57:39.764] [DEBUG] No overlay to close
[2025-07-30 21:57:39.765] [DEBUG] After cleanup: isCapturing=False, overlay=null
[2025-07-30 21:57:40.835] [DEBUG] Z hotkey detected and service is enabled
[2025-07-30 21:57:40.835] [INFO] [DEBUG] OnLeftShiftHotkey event in MainWindow
[2025-07-30 21:57:49.367] [ERROR] Failed to connect to Pocket Option socket at 192.168.0.3:65300
Exception: Попытка установить соединение была безуспешной, т.к. от другого компьютера за требуемое время не получен нужный отклик, или было разорвано уже установленное соединение из-за неверного отклика уже подключенного компьютера.
StackTrace:    at System.Net.Sockets.Socket.AwaitableSocketAsyncEventArgs.ThrowException(SocketError error, CancellationToken cancellationToken)
   at System.Net.Sockets.Socket.AwaitableSocketAsyncEventArgs.System.Threading.Tasks.Sources.IValueTaskSource.GetResult(Int16 token)
   at System.Threading.Tasks.ValueTask.ValueTaskSourceAsTask.<>c.<.cctor>b__4_0(Object state)
--- End of stack trace from previous location ---
   at System.Net.Sockets.TcpClient.CompleteConnectAsync(Task task)
   at ScreenCaptureApp.Services.BinaryOptionsSocketService.ConnectAsync() in C:\apps\jforex-trading-terminal-win10\Services\BinaryOptionsSocketService.cs:line 146
[2025-07-30 21:57:57.618] [INFO] [DEBUG] OnWHotkey event in MainWindow
[2025-07-30 21:57:57.746] [INFO] Hotkey button index 1 clicked at (280,56) on window 458778
[2025-07-30 21:57:57.747] [INFO] [DEBUG] Mouse returned to (1055,400)
[2025-07-30 21:57:58.162] [INFO] [DEBUG] OnWHotkey event in MainWindow
[2025-07-30 21:57:58.282] [INFO] Hotkey button index 1 clicked at (280,56) on window 458778
[2025-07-30 21:57:58.282] [INFO] [DEBUG] Mouse returned to (1159,442)
[2025-07-30 21:57:58.362] [INFO] [DEBUG] OnWHotkey event in MainWindow
[2025-07-30 21:57:58.488] [INFO] Hotkey button index 1 clicked at (280,56) on window 458778
[2025-07-30 21:57:58.488] [INFO] [DEBUG] Mouse returned to (1159,442)
[2025-07-30 21:57:58.538] [INFO] [DEBUG] OnWHotkey event in MainWindow
[2025-07-30 21:57:58.663] [INFO] Hotkey button index 1 clicked at (280,56) on window 458778
[2025-07-30 21:57:58.664] [INFO] [DEBUG] Mouse returned to (1159,442)
[2025-07-30 21:57:58.666] [DEBUG] Q hotkey detected and service is enabled
[2025-07-30 21:57:58.667] [INFO] [DEBUG] OnQHotkey event in MainWindow
[2025-07-30 21:57:58.788] [INFO] Hotkey button index 0 clicked at (80,56) on window 458778
[2025-07-30 21:57:58.788] [INFO] [DEBUG] Mouse returned to (1159,442)
[2025-07-30 21:58:06.882] [DEBUG] Q hotkey detected and service is enabled
[2025-07-30 21:58:06.883] [INFO] [DEBUG] OnQHotkey event in MainWindow
[2025-07-30 21:58:07.012] [INFO] Hotkey button index 0 clicked at (80,56) on window 458778
[2025-07-30 21:58:07.012] [INFO] [DEBUG] Mouse returned to (1402,536)
[2025-07-30 21:58:07.042] [DEBUG] Q hotkey detected and service is enabled
[2025-07-30 21:58:07.042] [INFO] [DEBUG] OnQHotkey event in MainWindow
[2025-07-30 21:58:07.170] [INFO] Hotkey button index 0 clicked at (80,56) on window 458778
[2025-07-30 21:58:07.171] [INFO] [DEBUG] Mouse returned to (1402,536)
[2025-07-30 21:58:07.738] [DEBUG] Symbol hotkey 1 pressed
[2025-07-30 21:58:07.964] [DEBUG] Status: Found and brought 2 window(s) to foreground: XAU/USD, T610, XAU/USD, T8
[2025-07-30 21:58:08.525] [INFO] Applied default toolbar settings for window 459708
[2025-07-30 21:58:08.526] [INFO] Overlay positioned on window 459708 (symbol: XAUUSD): Left=1920, Top=0, Width=1920
[2025-07-30 21:58:09.762] [INFO] [DEBUG] OnWHotkey event in MainWindow
[2025-07-30 21:58:09.880] [INFO] Hotkey button index 1 clicked at (280,56) on window 459708
[2025-07-30 21:58:09.880] [INFO] [DEBUG] Mouse returned to (2875,490)
[2025-07-30 21:58:10.098] [INFO] [DEBUG] OnWHotkey event in MainWindow
[2025-07-30 21:58:10.228] [INFO] Hotkey button index 1 clicked at (280,56) on window 459708
[2025-07-30 21:58:10.228] [INFO] [DEBUG] Mouse returned to (2875,489)
[2025-07-30 21:58:10.266] [DEBUG] Q hotkey detected and service is enabled
[2025-07-30 21:58:10.267] [INFO] [DEBUG] OnQHotkey event in MainWindow
[2025-07-30 21:58:10.385] [INFO] Hotkey button index 0 clicked at (80,56) on window 459708
[2025-07-30 21:58:10.386] [INFO] [DEBUG] Mouse returned to (2875,489)
[2025-07-30 21:58:10.666] [INFO] [DEBUG] OnWHotkey event in MainWindow
[2025-07-30 21:58:10.792] [INFO] Hotkey button index 1 clicked at (280,56) on window 459708
[2025-07-30 21:58:10.792] [INFO] [DEBUG] Mouse returned to (2875,489)
[2025-07-30 21:58:21.165] [INFO] Applied default toolbar settings for window 458778
[2025-07-30 21:58:21.165] [INFO] Overlay positioned on window 458778 (symbol: XAUUSD): Left=0, Top=0, Width=1920
[2025-07-30 21:58:28.282] [INFO] [DEBUG] OnWHotkey event in MainWindow
[2025-07-30 21:58:28.408] [INFO] Hotkey button index 1 clicked at (280,56) on window 458778
[2025-07-30 21:58:28.408] [INFO] [DEBUG] Mouse returned to (1543,548)
[2025-07-30 21:58:28.898] [INFO] [DEBUG] OnWHotkey event in MainWindow
[2025-07-30 21:58:29.027] [INFO] Hotkey button index 1 clicked at (280,56) on window 458778
[2025-07-30 21:58:29.039] [INFO] [DEBUG] Mouse returned to (361,82)
[2025-07-30 21:58:29.082] [INFO] [DEBUG] OnWHotkey event in MainWindow
[2025-07-30 21:58:29.202] [INFO] Hotkey button index 1 clicked at (280,56) on window 458778
[2025-07-30 21:58:29.202] [INFO] [DEBUG] Mouse returned to (361,82)
[2025-07-30 21:58:29.266] [INFO] [DEBUG] OnWHotkey event in MainWindow
[2025-07-30 21:58:29.392] [INFO] Hotkey button index 1 clicked at (280,56) on window 458778
[2025-07-30 21:58:29.392] [INFO] [DEBUG] Mouse returned to (361,82)
[2025-07-30 21:58:49.986] [DEBUG] S key detected and service is enabled
[2025-07-30 21:58:51.450] [DEBUG] Escape key detected and service is enabled
[2025-07-30 21:58:51.450] [DEBUG] Escape key pressed - starting cleanup
[2025-07-30 21:58:51.450] [DEBUG] Before cleanup: isCapturing=False, overlay=null
[2025-07-30 21:58:51.450] [DEBUG] No overlay to close
[2025-07-30 21:58:51.451] [DEBUG] After cleanup: isCapturing=False, overlay=null
[2025-07-30 21:58:52.306] [DEBUG] S key detected and service is enabled
[2025-07-30 21:58:53.642] [DEBUG] Escape key detected and service is enabled
[2025-07-30 21:58:53.642] [DEBUG] Escape key pressed - starting cleanup
[2025-07-30 21:58:53.642] [DEBUG] Before cleanup: isCapturing=False, overlay=null
[2025-07-30 21:58:53.642] [DEBUG] No overlay to close
[2025-07-30 21:58:53.643] [DEBUG] After cleanup: isCapturing=False, overlay=null
[2025-07-30 21:58:55.002] [DEBUG] S key detected and service is enabled
[2025-07-30 21:58:56.778] [DEBUG] Escape key detected and service is enabled
[2025-07-30 21:58:56.778] [DEBUG] Escape key pressed - starting cleanup
[2025-07-30 21:58:56.778] [DEBUG] Before cleanup: isCapturing=False, overlay=null
[2025-07-30 21:58:56.778] [DEBUG] No overlay to close
[2025-07-30 21:58:56.779] [DEBUG] After cleanup: isCapturing=False, overlay=null
[2025-07-30 21:58:58.618] [DEBUG] S key detected and service is enabled
[2025-07-30 21:59:00.322] [DEBUG] Escape key detected and service is enabled
[2025-07-30 21:59:00.322] [DEBUG] Escape key pressed - starting cleanup
[2025-07-30 21:59:00.322] [DEBUG] Before cleanup: isCapturing=False, overlay=null
[2025-07-30 21:59:00.323] [DEBUG] No overlay to close
[2025-07-30 21:59:00.323] [DEBUG] After cleanup: isCapturing=False, overlay=null
[2025-07-30 21:59:01.538] [DEBUG] S key detected and service is enabled
[2025-07-30 21:59:02.890] [DEBUG] Escape key detected and service is enabled
[2025-07-30 21:59:02.890] [DEBUG] Escape key pressed - starting cleanup
[2025-07-30 21:59:02.890] [DEBUG] Before cleanup: isCapturing=False, overlay=null
[2025-07-30 21:59:02.890] [DEBUG] No overlay to close
[2025-07-30 21:59:02.891] [DEBUG] After cleanup: isCapturing=False, overlay=null
[2025-07-30 21:59:13.353] [DEBUG] S key detected and service is enabled
[2025-07-30 21:59:14.521] [DEBUG] Escape key detected and service is enabled
[2025-07-30 21:59:14.522] [DEBUG] Escape key pressed - starting cleanup
[2025-07-30 21:59:14.522] [DEBUG] Before cleanup: isCapturing=False, overlay=null
[2025-07-30 21:59:14.522] [DEBUG] No overlay to close
[2025-07-30 21:59:14.523] [DEBUG] After cleanup: isCapturing=False, overlay=null
[2025-07-30 21:59:14.633] [DEBUG] Escape key detected and service is enabled
[2025-07-30 21:59:14.634] [DEBUG] Escape key pressed - starting cleanup
[2025-07-30 21:59:14.634] [DEBUG] Before cleanup: isCapturing=False, overlay=null
[2025-07-30 21:59:14.634] [DEBUG] No overlay to close
[2025-07-30 21:59:14.635] [DEBUG] After cleanup: isCapturing=False, overlay=null
[2025-07-30 21:59:15.009] [DEBUG] S key detected and service is enabled
[2025-07-30 21:59:16.273] [DEBUG] Escape key detected and service is enabled
[2025-07-30 21:59:16.274] [DEBUG] Escape key pressed - starting cleanup
[2025-07-30 21:59:16.274] [DEBUG] Before cleanup: isCapturing=False, overlay=null
[2025-07-30 21:59:16.274] [DEBUG] No overlay to close
[2025-07-30 21:59:16.274] [DEBUG] After cleanup: isCapturing=False, overlay=null
[2025-07-30 21:59:16.401] [DEBUG] Escape key detected and service is enabled
[2025-07-30 21:59:16.402] [DEBUG] Escape key pressed - starting cleanup
[2025-07-30 21:59:16.402] [DEBUG] Before cleanup: isCapturing=False, overlay=null
[2025-07-30 21:59:16.402] [DEBUG] No overlay to close
[2025-07-30 21:59:16.402] [DEBUG] After cleanup: isCapturing=False, overlay=null
[2025-07-30 21:59:17.161] [DEBUG] S key detected and service is enabled
[2025-07-30 21:59:18.593] [DEBUG] Escape key detected and service is enabled
[2025-07-30 21:59:18.594] [DEBUG] Escape key pressed - starting cleanup
[2025-07-30 21:59:18.594] [DEBUG] Before cleanup: isCapturing=False, overlay=null
[2025-07-30 21:59:18.595] [DEBUG] No overlay to close
[2025-07-30 21:59:18.595] [DEBUG] After cleanup: isCapturing=False, overlay=null
[2025-07-30 21:59:18.721] [DEBUG] Escape key detected and service is enabled
[2025-07-30 21:59:18.722] [DEBUG] Escape key pressed - starting cleanup
[2025-07-30 21:59:18.722] [DEBUG] Before cleanup: isCapturing=False, overlay=null
[2025-07-30 21:59:18.722] [DEBUG] No overlay to close
[2025-07-30 21:59:18.723] [DEBUG] After cleanup: isCapturing=False, overlay=null
[2025-07-30 21:59:19.748] [INFO] Applied default toolbar settings for window 459708
[2025-07-30 21:59:19.749] [INFO] Overlay positioned on window 459708 (symbol: XAUUSD): Left=1920, Top=0, Width=1920
[2025-07-30 21:59:29.641] [DEBUG] Escape key detected and service is enabled
[2025-07-30 21:59:29.642] [DEBUG] Escape key pressed - starting cleanup
[2025-07-30 21:59:29.642] [DEBUG] Before cleanup: isCapturing=False, overlay=null
[2025-07-30 21:59:29.642] [DEBUG] No overlay to close
[2025-07-30 21:59:29.642] [DEBUG] After cleanup: isCapturing=False, overlay=null
[2025-07-30 21:59:29.785] [DEBUG] Escape key detected and service is enabled
[2025-07-30 21:59:29.785] [DEBUG] Escape key pressed - starting cleanup
[2025-07-30 21:59:29.786] [DEBUG] Before cleanup: isCapturing=False, overlay=null
[2025-07-30 21:59:29.786] [DEBUG] No overlay to close
[2025-07-30 21:59:29.786] [DEBUG] After cleanup: isCapturing=False, overlay=null
[2025-07-30 21:59:31.617] [DEBUG] S key detected and service is enabled
