[2025-08-05 17:19:53.136] [INFO] TradingToolbar instance 1 created
[2025-08-05 17:19:53.136] [INFO] ToolbarSettingsManager initialized successfully
[2025-08-05 17:19:53.137] [INFO] ToastNotifyService initialized successfully
[2025-08-05 17:19:53.158] [INFO] SetSymbol called for UNKNOWN, current broker: Forex
[2025-08-05 17:19:53.158] [INFO] Skipping open symbol command - Forex broker selected
[2025-08-05 17:19:53.162] [INFO] OrderSummary panel hidden
[2025-08-05 17:19:53.163] [INFO] Price display panel hidden
[2025-08-05 17:19:53.654] [INFO] SetSymbol called for UNKNOWN, current broker: Forex
[2025-08-05 17:19:53.655] [INFO] Skipping open symbol command - Forex broker selected
[2025-08-05 17:19:53.655] [INFO] OrderSummary panel hidden
[2025-08-05 17:19:53.655] [INFO] Price display panel hidden
[2025-08-05 17:19:53.662] [INFO] SetSymbol called for UNKNOWN, current broker: Forex
[2025-08-05 17:19:53.662] [INFO] Skipping open symbol command - Forex broker selected
[2025-08-05 17:19:53.663] [INFO] OrderSummary panel hidden
[2025-08-05 17:19:53.663] [INFO] Price display panel hidden
[2025-08-05 17:19:54.335] [INFO] No matching symbol found for UNKNOWN
[2025-08-05 17:19:54.353] [INFO] OrderSummary panel hidden
[2025-08-05 17:19:55.429] [INFO] No matching symbol found for UNKNOWN
[2025-08-05 17:19:55.437] [INFO] OrderSummary panel hidden
[2025-08-05 17:19:56.251] [INFO] No matching symbol found for UNKNOWN
[2025-08-05 17:19:56.258] [INFO] OrderSummary panel hidden
[2025-08-05 17:19:57.251] [INFO] No matching symbol found for UNKNOWN
[2025-08-05 17:19:57.258] [INFO] OrderSummary panel hidden
[2025-08-05 17:19:58.252] [INFO] No matching symbol found for UNKNOWN
[2025-08-05 17:19:58.258] [INFO] OrderSummary panel hidden
[2025-08-05 17:19:59.247] [INFO] No matching symbol found for UNKNOWN
[2025-08-05 17:19:59.257] [INFO] OrderSummary panel hidden
[2025-08-05 17:20:00.247] [INFO] No matching symbol found for UNKNOWN
[2025-08-05 17:20:00.253] [INFO] OrderSummary panel hidden
[2025-08-05 17:20:01.242] [INFO] No matching symbol found for UNKNOWN
[2025-08-05 17:20:01.248] [INFO] OrderSummary panel hidden
[2025-08-05 17:20:02.256] [INFO] No matching symbol found for UNKNOWN
[2025-08-05 17:20:02.263] [INFO] OrderSummary panel hidden
[2025-08-05 17:20:03.254] [INFO] No matching symbol found for UNKNOWN
[2025-08-05 17:20:03.265] [INFO] OrderSummary panel hidden
[2025-08-05 17:20:04.244] [INFO] No matching symbol found for UNKNOWN
[2025-08-05 17:20:04.251] [INFO] OrderSummary panel hidden
[2025-08-05 17:20:05.254] [INFO] No matching symbol found for UNKNOWN
[2025-08-05 17:20:05.260] [INFO] OrderSummary panel hidden
[2025-08-05 17:20:06.251] [INFO] No matching symbol found for UNKNOWN
[2025-08-05 17:20:06.258] [INFO] OrderSummary panel hidden
[2025-08-05 17:20:07.256] [INFO] No matching symbol found for UNKNOWN
[2025-08-05 17:20:07.268] [INFO] OrderSummary panel hidden
[2025-08-05 17:20:08.245] [INFO] No matching symbol found for UNKNOWN
[2025-08-05 17:20:08.258] [INFO] OrderSummary panel hidden
[2025-08-05 17:20:09.249] [INFO] No matching symbol found for UNKNOWN
[2025-08-05 17:20:09.256] [INFO] OrderSummary panel hidden
[2025-08-05 17:20:10.256] [INFO] No matching symbol found for UNKNOWN
[2025-08-05 17:20:10.263] [INFO] OrderSummary panel hidden
[2025-08-05 17:20:11.253] [INFO] No matching symbol found for UNKNOWN
[2025-08-05 17:20:11.262] [INFO] OrderSummary panel hidden
[2025-08-05 17:20:12.246] [INFO] No matching symbol found for UNKNOWN
[2025-08-05 17:20:12.252] [INFO] OrderSummary panel hidden
[2025-08-05 17:20:13.251] [INFO] No matching symbol found for UNKNOWN
[2025-08-05 17:20:13.257] [INFO] OrderSummary panel hidden
[2025-08-05 17:20:14.087] [INFO] SetSymbol called for XAUUSD, current broker: Forex
[2025-08-05 17:20:14.087] [INFO] Skipping open symbol command - Forex broker selected
[2025-08-05 17:20:14.087] [INFO] OrderSummary panel hidden
[2025-08-05 17:20:14.087] [INFO] Price display panel hidden
[2025-08-05 17:20:14.089] [INFO] Created default settings for HandleID 262848: Risk=1, Duration=2, Broker=Forex
[2025-08-05 17:20:14.090] [INFO] SetSymbol called for XAUUSD, current broker: Forex
[2025-08-05 17:20:14.090] [INFO] Skipping open symbol command - Forex broker selected
[2025-08-05 17:20:14.090] [INFO] OrderSummary panel hidden
[2025-08-05 17:20:14.090] [INFO] Price display panel hidden
[2025-08-05 17:20:14.091] [INFO] Loaded settings for HandleID 262848: Risk=1, Duration=2, Broker=Forex
[2025-08-05 17:20:14.255] [INFO] Found matching symbol: XAUUSD matches XAUUSD.s
[2025-08-05 17:20:14.262] [INFO] OrderSummary panel shown for symbol: XAUUSD.s, Lots: 0,13, Percent: 16,36, Points: 239
[2025-08-05 17:20:15.245] [INFO] Found matching symbol: XAUUSD matches XAUUSD.s
[2025-08-05 17:20:15.251] [INFO] OrderSummary panel shown for symbol: XAUUSD.s, Lots: 0,13, Percent: 16,16, Points: 236
[2025-08-05 17:20:16.215] [INFO] SetSymbol called for XAUUSD, current broker: Forex
[2025-08-05 17:20:16.215] [INFO] Skipping open symbol command - Forex broker selected
[2025-08-05 17:20:16.216] [INFO] OrderSummary panel hidden
[2025-08-05 17:20:16.216] [INFO] Price display panel hidden
[2025-08-05 17:20:16.216] [INFO] Created default settings for HandleID 262758: Risk=1, Duration=2, Broker=Forex
[2025-08-05 17:20:16.216] [INFO] SetSymbol called for XAUUSD, current broker: Forex
[2025-08-05 17:20:16.216] [INFO] Skipping open symbol command - Forex broker selected
[2025-08-05 17:20:16.216] [INFO] OrderSummary panel hidden
[2025-08-05 17:20:16.216] [INFO] Price display panel hidden
[2025-08-05 17:20:16.217] [INFO] Loaded settings for HandleID 262758: Risk=1, Duration=2, Broker=Forex
[2025-08-05 17:20:16.260] [INFO] SetSymbol called for XAUUSD, current broker: Forex
[2025-08-05 17:20:16.260] [INFO] Skipping open symbol command - Forex broker selected
[2025-08-05 17:20:16.260] [INFO] OrderSummary panel hidden
[2025-08-05 17:20:16.260] [INFO] Price display panel hidden
[2025-08-05 17:20:16.260] [INFO] Loaded settings for HandleID 262848: Risk=1, Duration=2, Broker=Forex
[2025-08-05 17:20:16.261] [INFO] SetSymbol called for XAUUSD, current broker: Forex
[2025-08-05 17:20:16.261] [INFO] Skipping open symbol command - Forex broker selected
[2025-08-05 17:20:16.261] [INFO] OrderSummary panel hidden
[2025-08-05 17:20:16.261] [INFO] Price display panel hidden
[2025-08-05 17:20:16.261] [INFO] Loaded settings for HandleID 262848: Risk=1, Duration=2, Broker=Forex
[2025-08-05 17:20:16.306] [INFO] Found matching symbol: XAUUSD matches XAUUSD.s
[2025-08-05 17:20:16.312] [INFO] OrderSummary panel shown for symbol: XAUUSD.s, Lots: 0,13, Percent: 15,82, Points: 231
[2025-08-05 17:20:17.662] [INFO] No matching symbol found for XAUUSD
[2025-08-05 17:20:17.665] [INFO] OrderSummary panel hidden
[2025-08-05 17:20:20.688] [INFO] SetSymbol called for XAUUSD, current broker: Forex
[2025-08-05 17:20:20.688] [INFO] Skipping open symbol command - Forex broker selected
[2025-08-05 17:20:20.688] [INFO] OrderSummary panel hidden
[2025-08-05 17:20:20.688] [INFO] Price display panel hidden
[2025-08-05 17:20:20.688] [INFO] Loaded settings for HandleID 262758: Risk=1, Duration=2, Broker=Forex
[2025-08-05 17:20:20.689] [INFO] SetSymbol called for XAUUSD, current broker: Forex
[2025-08-05 17:20:20.689] [INFO] Skipping open symbol command - Forex broker selected
[2025-08-05 17:20:20.689] [INFO] OrderSummary panel hidden
[2025-08-05 17:20:20.689] [INFO] Price display panel hidden
[2025-08-05 17:20:20.689] [INFO] Loaded settings for HandleID 262758: Risk=1, Duration=2, Broker=Forex
[2025-08-05 17:21:01.688] [INFO] SetSymbol called for XAUUSD, current broker: Forex
[2025-08-05 17:21:01.688] [INFO] Skipping open symbol command - Forex broker selected
[2025-08-05 17:21:01.688] [INFO] OrderSummary panel hidden
[2025-08-05 17:21:01.688] [INFO] Price display panel hidden
[2025-08-05 17:21:01.689] [INFO] Loaded settings for HandleID 262848: Risk=1, Duration=2, Broker=Forex
[2025-08-05 17:21:01.689] [INFO] SetSymbol called for XAUUSD, current broker: Forex
[2025-08-05 17:21:01.689] [INFO] Skipping open symbol command - Forex broker selected
[2025-08-05 17:21:01.689] [INFO] OrderSummary panel hidden
[2025-08-05 17:21:01.690] [INFO] Price display panel hidden
[2025-08-05 17:21:01.690] [INFO] Loaded settings for HandleID 262848: Risk=1, Duration=2, Broker=Forex
[2025-08-05 17:21:01.991] [INFO] SetSymbol called for XAUUSD, current broker: Forex
[2025-08-05 17:21:01.991] [INFO] Skipping open symbol command - Forex broker selected
[2025-08-05 17:21:01.991] [INFO] OrderSummary panel hidden
[2025-08-05 17:21:01.991] [INFO] Price display panel hidden
[2025-08-05 17:21:01.992] [INFO] Loaded settings for HandleID 262758: Risk=1, Duration=2, Broker=Forex
[2025-08-05 17:21:01.992] [INFO] SetSymbol called for XAUUSD, current broker: Forex
[2025-08-05 17:21:01.992] [INFO] Skipping open symbol command - Forex broker selected
[2025-08-05 17:21:01.992] [INFO] OrderSummary panel hidden
[2025-08-05 17:21:01.992] [INFO] Price display panel hidden
[2025-08-05 17:21:01.993] [INFO] Loaded settings for HandleID 262758: Risk=1, Duration=2, Broker=Forex
[2025-08-05 17:21:07.879] [INFO] SetSymbol called for XAUUSD, current broker: Forex
[2025-08-05 17:21:07.879] [INFO] Skipping open symbol command - Forex broker selected
[2025-08-05 17:21:07.880] [INFO] OrderSummary panel hidden
[2025-08-05 17:21:07.880] [INFO] Price display panel hidden
[2025-08-05 17:21:07.880] [INFO] Loaded settings for HandleID 262848: Risk=1, Duration=2, Broker=Forex
[2025-08-05 17:21:07.880] [INFO] SetSymbol called for XAUUSD, current broker: Forex
[2025-08-05 17:21:07.880] [INFO] Skipping open symbol command - Forex broker selected
[2025-08-05 17:21:07.881] [INFO] OrderSummary panel hidden
[2025-08-05 17:21:07.881] [INFO] Price display panel hidden
[2025-08-05 17:21:07.881] [INFO] Loaded settings for HandleID 262848: Risk=1, Duration=2, Broker=Forex
[2025-08-05 17:21:22.575] [INFO] SetSymbol called for XAUUSD, current broker: Forex
[2025-08-05 17:21:22.575] [INFO] Skipping open symbol command - Forex broker selected
[2025-08-05 17:21:22.575] [INFO] OrderSummary panel hidden
[2025-08-05 17:21:22.575] [INFO] Price display panel hidden
[2025-08-05 17:21:22.575] [INFO] Loaded settings for HandleID 262758: Risk=1, Duration=2, Broker=Forex
[2025-08-05 17:21:22.576] [INFO] SetSymbol called for XAUUSD, current broker: Forex
[2025-08-05 17:21:22.576] [INFO] Skipping open symbol command - Forex broker selected
[2025-08-05 17:21:22.576] [INFO] OrderSummary panel hidden
[2025-08-05 17:21:22.576] [INFO] Price display panel hidden
[2025-08-05 17:21:22.576] [INFO] Loaded settings for HandleID 262758: Risk=1, Duration=2, Broker=Forex
[2025-08-05 17:21:46.670] [INFO] SetSymbol called for XAUUSD, current broker: Forex
[2025-08-05 17:21:46.670] [INFO] Skipping open symbol command - Forex broker selected
[2025-08-05 17:21:46.671] [INFO] OrderSummary panel hidden
[2025-08-05 17:21:46.671] [INFO] Price display panel hidden
[2025-08-05 17:21:46.671] [INFO] Loaded settings for HandleID 262848: Risk=30, Duration=2, Broker=Forex
[2025-08-05 17:21:46.671] [INFO] SetSymbol called for XAUUSD, current broker: Forex
[2025-08-05 17:21:46.672] [INFO] Skipping open symbol command - Forex broker selected
[2025-08-05 17:21:46.672] [INFO] OrderSummary panel hidden
[2025-08-05 17:21:46.672] [INFO] Price display panel hidden
[2025-08-05 17:21:46.672] [INFO] Loaded settings for HandleID 262848: Risk=30, Duration=2, Broker=Forex
[2025-08-05 17:22:22.798] [INFO] Price display panel hidden
[2025-08-05 17:22:22.800] [INFO] Price display panel hidden
[2025-08-05 17:22:22.963] [INFO] Price display panel hidden
[2025-08-05 17:22:22.965] [INFO] Price display panel hidden
[2025-08-05 17:22:31.479] [INFO] SetSymbol called for XAUUSD, current broker: Forex
[2025-08-05 17:22:31.479] [INFO] Skipping open symbol command - Forex broker selected
[2025-08-05 17:22:31.479] [INFO] OrderSummary panel hidden
[2025-08-05 17:22:31.479] [INFO] Price display panel hidden
[2025-08-05 17:22:31.479] [INFO] Loaded settings for HandleID 262758: Risk=1, Duration=2, Broker=Forex
[2025-08-05 17:22:31.480] [INFO] SetSymbol called for XAUUSD, current broker: Forex
[2025-08-05 17:22:31.480] [INFO] Skipping open symbol command - Forex broker selected
[2025-08-05 17:22:31.480] [INFO] OrderSummary panel hidden
[2025-08-05 17:22:31.480] [INFO] Price display panel hidden
[2025-08-05 17:22:31.480] [INFO] Loaded settings for HandleID 262758: Risk=1, Duration=2, Broker=Forex
[2025-08-05 17:22:33.926] [INFO] SetSymbol called for XAUUSD, current broker: Forex
[2025-08-05 17:22:33.926] [INFO] Skipping open symbol command - Forex broker selected
[2025-08-05 17:22:33.927] [INFO] OrderSummary panel hidden
[2025-08-05 17:22:33.927] [INFO] Price display panel hidden
[2025-08-05 17:22:33.927] [INFO] Loaded settings for HandleID 262848: Risk=30, Duration=2, Broker=Forex
[2025-08-05 17:22:33.927] [INFO] SetSymbol called for XAUUSD, current broker: Forex
[2025-08-05 17:22:33.928] [INFO] Skipping open symbol command - Forex broker selected
[2025-08-05 17:22:33.928] [INFO] OrderSummary panel hidden
[2025-08-05 17:22:33.928] [INFO] Price display panel hidden
[2025-08-05 17:22:33.928] [INFO] Loaded settings for HandleID 262848: Risk=30, Duration=2, Broker=Forex
[2025-08-05 17:22:46.598] [INFO] SetSymbol called for XAUUSD, current broker: Forex
[2025-08-05 17:22:46.598] [INFO] Skipping open symbol command - Forex broker selected
[2025-08-05 17:22:46.598] [INFO] OrderSummary panel hidden
[2025-08-05 17:22:46.598] [INFO] Price display panel hidden
[2025-08-05 17:22:46.598] [INFO] Loaded settings for HandleID 262758: Risk=1, Duration=2, Broker=Forex
[2025-08-05 17:22:46.599] [INFO] SetSymbol called for XAUUSD, current broker: Forex
[2025-08-05 17:22:46.599] [INFO] Skipping open symbol command - Forex broker selected
[2025-08-05 17:22:46.599] [INFO] OrderSummary panel hidden
[2025-08-05 17:22:46.599] [INFO] Price display panel hidden
[2025-08-05 17:22:46.599] [INFO] Loaded settings for HandleID 262758: Risk=1, Duration=2, Broker=Forex
[2025-08-05 17:23:17.274] [INFO] Found matching symbol: XAUUSD matches XAUUSD.s
[2025-08-05 17:23:17.283] [INFO] OrderSummary panel shown for symbol: XAUUSD.s, Lots: 0,24, Percent: -3,26, Points: -30
[2025-08-05 17:23:18.286] [INFO] Found matching symbol: XAUUSD matches XAUUSD.s
[2025-08-05 17:23:18.293] [INFO] OrderSummary panel shown for symbol: XAUUSD.s, Lots: 0,24, Percent: -0,43, Points: -3
[2025-08-05 17:23:19.297] [INFO] Found matching symbol: XAUUSD matches XAUUSD.s
[2025-08-05 17:23:19.303] [INFO] OrderSummary panel shown for symbol: XAUUSD.s, Lots: 0,24, Percent: -0,87, Points: -7
[2025-08-05 17:23:20.278] [INFO] Found matching symbol: XAUUSD matches XAUUSD.s
[2025-08-05 17:23:20.285] [INFO] OrderSummary panel shown for symbol: XAUUSD.s, Lots: 0,24, Percent: -1,2, Points: -11
[2025-08-05 17:23:21.286] [INFO] Found matching symbol: XAUUSD matches XAUUSD.s
[2025-08-05 17:23:21.294] [INFO] OrderSummary panel shown for symbol: XAUUSD.s, Lots: 0,24, Percent: -0,22, Points: -1
[2025-08-05 17:23:22.288] [INFO] Found matching symbol: XAUUSD matches XAUUSD.s
[2025-08-05 17:23:22.294] [INFO] OrderSummary panel shown for symbol: XAUUSD.s, Lots: 0,24, Percent: 1,74, Points: 15
[2025-08-05 17:23:23.288] [INFO] Found matching symbol: XAUUSD matches XAUUSD.s
[2025-08-05 17:23:23.295] [INFO] OrderSummary panel shown for symbol: XAUUSD.s, Lots: 0,24, Percent: 1,63, Points: 15
[2025-08-05 17:23:24.285] [INFO] Found matching symbol: XAUUSD matches XAUUSD.s
[2025-08-05 17:23:24.292] [INFO] OrderSummary panel shown for symbol: XAUUSD.s, Lots: 0,24, Percent: 2,72, Points: 25
[2025-08-05 17:23:25.283] [INFO] Found matching symbol: XAUUSD matches XAUUSD.s
[2025-08-05 17:23:25.290] [INFO] OrderSummary panel shown for symbol: XAUUSD.s, Lots: 0,24, Percent: 4,02, Points: 36
[2025-08-05 17:23:26.275] [INFO] Found matching symbol: XAUUSD matches XAUUSD.s
[2025-08-05 17:23:26.282] [INFO] OrderSummary panel shown for symbol: XAUUSD.s, Lots: 0,24, Percent: 3,15, Points: 28
[2025-08-05 17:23:27.280] [INFO] Found matching symbol: XAUUSD matches XAUUSD.s
[2025-08-05 17:23:27.286] [INFO] OrderSummary panel shown for symbol: XAUUSD.s, Lots: 0,24, Percent: 2,72, Points: 25
[2025-08-05 17:23:28.284] [INFO] Found matching symbol: XAUUSD matches XAUUSD.s
[2025-08-05 17:23:28.296] [INFO] OrderSummary panel shown for symbol: XAUUSD.s, Lots: 0,24, Percent: 7,39, Points: 67
[2025-08-05 17:23:29.276] [INFO] Found matching symbol: XAUUSD matches XAUUSD.s
[2025-08-05 17:23:29.282] [INFO] OrderSummary panel shown for symbol: XAUUSD.s, Lots: 0,24, Percent: 9,56, Points: 88
[2025-08-05 17:23:30.285] [INFO] Found matching symbol: XAUUSD matches XAUUSD.s
[2025-08-05 17:23:30.291] [INFO] OrderSummary panel shown for symbol: XAUUSD.s, Lots: 0,24, Percent: 10,98, Points: 100
[2025-08-05 17:23:31.282] [INFO] Found matching symbol: XAUUSD matches XAUUSD.s
[2025-08-05 17:23:31.288] [INFO] OrderSummary panel shown for symbol: XAUUSD.s, Lots: 0,24, Percent: 10,98, Points: 100
[2025-08-05 17:23:32.283] [INFO] Found matching symbol: XAUUSD matches XAUUSD.s
[2025-08-05 17:23:32.290] [INFO] OrderSummary panel shown for symbol: XAUUSD.s, Lots: 0,24, Percent: 10,43, Points: 96
[2025-08-05 17:23:33.297] [INFO] Found matching symbol: XAUUSD matches XAUUSD.s
[2025-08-05 17:23:33.303] [INFO] OrderSummary panel shown for symbol: XAUUSD.s, Lots: 0,24, Percent: 10, Points: 92
[2025-08-05 17:23:34.287] [INFO] Found matching symbol: XAUUSD matches XAUUSD.s
[2025-08-05 17:23:34.294] [INFO] OrderSummary panel shown for symbol: XAUUSD.s, Lots: 0,24, Percent: 8,59, Points: 78
[2025-08-05 17:23:35.279] [INFO] Found matching symbol: XAUUSD matches XAUUSD.s
[2025-08-05 17:23:35.285] [INFO] OrderSummary panel shown for symbol: XAUUSD.s, Lots: 0,24, Percent: 9,67, Points: 88
[2025-08-05 17:23:36.284] [INFO] Found matching symbol: XAUUSD matches XAUUSD.s
[2025-08-05 17:23:36.290] [INFO] OrderSummary panel shown for symbol: XAUUSD.s, Lots: 0,24, Percent: 10,22, Points: 94
[2025-08-05 17:23:37.279] [INFO] Found matching symbol: XAUUSD matches XAUUSD.s
[2025-08-05 17:23:37.285] [INFO] OrderSummary panel shown for symbol: XAUUSD.s, Lots: 0,24, Percent: 11,95, Points: 109
[2025-08-05 17:23:38.282] [INFO] Found matching symbol: XAUUSD matches XAUUSD.s
[2025-08-05 17:23:38.288] [INFO] OrderSummary panel shown for symbol: XAUUSD.s, Lots: 0,24, Percent: 12,17, Points: 111
[2025-08-05 17:23:39.283] [INFO] Found matching symbol: XAUUSD matches XAUUSD.s
[2025-08-05 17:23:39.291] [INFO] OrderSummary panel shown for symbol: XAUUSD.s, Lots: 0,24, Percent: 11,41, Points: 105
[2025-08-05 17:23:40.283] [INFO] Found matching symbol: XAUUSD matches XAUUSD.s
[2025-08-05 17:23:40.289] [INFO] OrderSummary panel shown for symbol: XAUUSD.s, Lots: 0,24, Percent: 13,04, Points: 119
[2025-08-05 17:23:41.286] [INFO] Found matching symbol: XAUUSD matches XAUUSD.s
[2025-08-05 17:23:41.292] [INFO] OrderSummary panel shown for symbol: XAUUSD.s, Lots: 0,24, Percent: 12,82, Points: 117
[2025-08-05 17:23:42.280] [INFO] Found matching symbol: XAUUSD matches XAUUSD.s
[2025-08-05 17:23:42.286] [INFO] OrderSummary panel shown for symbol: XAUUSD.s, Lots: 0,24, Percent: 14,02, Points: 128
[2025-08-05 17:23:43.288] [INFO] Found matching symbol: XAUUSD matches XAUUSD.s
[2025-08-05 17:23:43.295] [INFO] OrderSummary panel shown for symbol: XAUUSD.s, Lots: 0,24, Percent: 11,85, Points: 109
[2025-08-05 17:23:44.285] [INFO] Found matching symbol: XAUUSD matches XAUUSD.s
[2025-08-05 17:23:44.291] [INFO] OrderSummary panel shown for symbol: XAUUSD.s, Lots: 0,24, Percent: 13,37, Points: 123
[2025-08-05 17:23:45.281] [INFO] Found matching symbol: XAUUSD matches XAUUSD.s
[2025-08-05 17:23:45.288] [INFO] OrderSummary panel shown for symbol: XAUUSD.s, Lots: 0,24, Percent: 13,59, Points: 125
[2025-08-05 17:23:46.275] [INFO] Found matching symbol: XAUUSD matches XAUUSD.s
[2025-08-05 17:23:46.281] [INFO] OrderSummary panel shown for symbol: XAUUSD.s, Lots: 0,24, Percent: 12,72, Points: 117
[2025-08-05 17:23:47.281] [INFO] Found matching symbol: XAUUSD matches XAUUSD.s
[2025-08-05 17:23:47.288] [INFO] OrderSummary panel shown for symbol: XAUUSD.s, Lots: 0,24, Percent: 12,06, Points: 111
[2025-08-05 17:23:48.317] [INFO] Found matching symbol: XAUUSD matches XAUUSD.s
[2025-08-05 17:23:48.325] [INFO] OrderSummary panel shown for symbol: XAUUSD.s, Lots: 0,24, Percent: 11,41, Points: 105
[2025-08-05 17:23:49.279] [INFO] Found matching symbol: XAUUSD matches XAUUSD.s
[2025-08-05 17:23:49.286] [INFO] OrderSummary panel shown for symbol: XAUUSD.s, Lots: 0,24, Percent: 11,95, Points: 109
[2025-08-05 17:23:50.285] [INFO] Found matching symbol: XAUUSD matches XAUUSD.s
[2025-08-05 17:23:50.291] [INFO] OrderSummary panel shown for symbol: XAUUSD.s, Lots: 0,24, Percent: 11,85, Points: 109
[2025-08-05 17:23:51.276] [INFO] Found matching symbol: XAUUSD matches XAUUSD.s
[2025-08-05 17:23:51.283] [INFO] OrderSummary panel shown for symbol: XAUUSD.s, Lots: 0,24, Percent: 12,06, Points: 111
[2025-08-05 17:23:52.286] [INFO] Found matching symbol: XAUUSD matches XAUUSD.s
[2025-08-05 17:23:52.292] [INFO] OrderSummary panel shown for symbol: XAUUSD.s, Lots: 0,24, Percent: 13,59, Points: 125
[2025-08-05 17:23:53.274] [INFO] Found matching symbol: XAUUSD matches XAUUSD.s
[2025-08-05 17:23:53.281] [INFO] OrderSummary panel shown for symbol: XAUUSD.s, Lots: 0,24, Percent: 13,91, Points: 127
[2025-08-05 17:23:54.278] [INFO] Found matching symbol: XAUUSD matches XAUUSD.s
[2025-08-05 17:23:54.290] [INFO] OrderSummary panel shown for symbol: XAUUSD.s, Lots: 0,24, Percent: 13,8, Points: 126
[2025-08-05 17:23:55.281] [INFO] Found matching symbol: XAUUSD matches XAUUSD.s
[2025-08-05 17:23:55.293] [INFO] OrderSummary panel shown for symbol: XAUUSD.s, Lots: 0,24, Percent: 13,15, Points: 121
[2025-08-05 17:23:56.283] [INFO] Found matching symbol: XAUUSD matches XAUUSD.s
[2025-08-05 17:23:56.295] [INFO] OrderSummary panel shown for symbol: XAUUSD.s, Lots: 0,24, Percent: 13,26, Points: 121
[2025-08-05 17:23:57.276] [INFO] Found matching symbol: XAUUSD matches XAUUSD.s
[2025-08-05 17:23:57.282] [INFO] OrderSummary panel shown for symbol: XAUUSD.s, Lots: 0,24, Percent: 12,93, Points: 119
[2025-08-05 17:23:58.278] [INFO] Found matching symbol: XAUUSD matches XAUUSD.s
[2025-08-05 17:23:58.285] [INFO] OrderSummary panel shown for symbol: XAUUSD.s, Lots: 0,24, Percent: 12,61, Points: 115
[2025-08-05 17:23:59.286] [INFO] Found matching symbol: XAUUSD matches XAUUSD.s
[2025-08-05 17:23:59.292] [INFO] OrderSummary panel shown for symbol: XAUUSD.s, Lots: 0,24, Percent: 15,11, Points: 138
[2025-08-05 17:24:00.277] [INFO] Found matching symbol: XAUUSD matches XAUUSD.s
[2025-08-05 17:24:00.284] [INFO] OrderSummary panel shown for symbol: XAUUSD.s, Lots: 0,24, Percent: 15, Points: 138
[2025-08-05 17:24:01.286] [INFO] Found matching symbol: XAUUSD matches XAUUSD.s
[2025-08-05 17:24:01.293] [INFO] OrderSummary panel shown for symbol: XAUUSD.s, Lots: 0,24, Percent: 15,22, Points: 140
[2025-08-05 17:24:02.280] [INFO] Found matching symbol: XAUUSD matches XAUUSD.s
[2025-08-05 17:24:02.287] [INFO] OrderSummary panel shown for symbol: XAUUSD.s, Lots: 0,24, Percent: 15,11, Points: 138
[2025-08-05 17:24:03.280] [INFO] Found matching symbol: XAUUSD matches XAUUSD.s
[2025-08-05 17:24:03.287] [INFO] OrderSummary panel shown for symbol: XAUUSD.s, Lots: 0,24, Percent: 18,15, Points: 167
[2025-08-05 17:24:04.282] [INFO] Found matching symbol: XAUUSD matches XAUUSD.s
[2025-08-05 17:24:04.288] [INFO] OrderSummary panel shown for symbol: XAUUSD.s, Lots: 0,24, Percent: 19,35, Points: 177
[2025-08-05 17:24:05.287] [INFO] Found matching symbol: XAUUSD matches XAUUSD.s
[2025-08-05 17:24:05.294] [INFO] OrderSummary panel shown for symbol: XAUUSD.s, Lots: 0,24, Percent: 19,35, Points: 177
[2025-08-05 17:24:06.274] [INFO] Found matching symbol: XAUUSD matches XAUUSD.s
[2025-08-05 17:24:06.280] [INFO] OrderSummary panel shown for symbol: XAUUSD.s, Lots: 0,24, Percent: 20,11, Points: 184
[2025-08-05 17:24:07.274] [INFO] Found matching symbol: XAUUSD matches XAUUSD.s
[2025-08-05 17:24:07.281] [INFO] OrderSummary panel shown for symbol: XAUUSD.s, Lots: 0,24, Percent: 20, Points: 184
[2025-08-05 17:24:08.282] [INFO] Found matching symbol: XAUUSD matches XAUUSD.s
[2025-08-05 17:24:08.289] [INFO] OrderSummary panel shown for symbol: XAUUSD.s, Lots: 0,24, Percent: 20,65, Points: 190
[2025-08-05 17:24:09.281] [INFO] Found matching symbol: XAUUSD matches XAUUSD.s
[2025-08-05 17:24:09.288] [INFO] OrderSummary panel shown for symbol: XAUUSD.s, Lots: 0,24, Percent: 21,19, Points: 194
[2025-08-05 17:24:10.281] [INFO] Found matching symbol: XAUUSD matches XAUUSD.s
[2025-08-05 17:24:10.294] [INFO] OrderSummary panel shown for symbol: XAUUSD.s, Lots: 0,24, Percent: 21,63, Points: 198
[2025-08-05 17:24:11.281] [INFO] Found matching symbol: XAUUSD matches XAUUSD.s
[2025-08-05 17:24:11.287] [INFO] OrderSummary panel shown for symbol: XAUUSD.s, Lots: 0,24, Percent: 21,95, Points: 201
[2025-08-05 17:24:12.284] [INFO] Found matching symbol: XAUUSD matches XAUUSD.s
[2025-08-05 17:24:12.292] [INFO] OrderSummary panel shown for symbol: XAUUSD.s, Lots: 0,24, Percent: 23,91, Points: 219
[2025-08-05 17:24:13.281] [INFO] Found matching symbol: XAUUSD matches XAUUSD.s
[2025-08-05 17:24:13.297] [INFO] OrderSummary panel shown for symbol: XAUUSD.s, Lots: 0,24, Percent: 24,34, Points: 223
[2025-08-05 17:24:14.280] [INFO] Found matching symbol: XAUUSD matches XAUUSD.s
[2025-08-05 17:24:14.286] [INFO] OrderSummary panel shown for symbol: XAUUSD.s, Lots: 0,24, Percent: 24,45, Points: 225
[2025-08-05 17:24:15.274] [INFO] Found matching symbol: XAUUSD matches XAUUSD.s
[2025-08-05 17:24:15.281] [INFO] OrderSummary panel shown for symbol: XAUUSD.s, Lots: 0,24, Percent: 24,34, Points: 223
[2025-08-05 17:24:16.280] [INFO] Found matching symbol: XAUUSD matches XAUUSD.s
[2025-08-05 17:24:16.286] [INFO] OrderSummary panel shown for symbol: XAUUSD.s, Lots: 0,24, Percent: 22,17, Points: 203
[2025-08-05 17:24:17.278] [INFO] Found matching symbol: XAUUSD matches XAUUSD.s
[2025-08-05 17:24:17.285] [INFO] OrderSummary panel shown for symbol: XAUUSD.s, Lots: 0,24, Percent: 21,41, Points: 196
[2025-08-05 17:24:18.274] [INFO] Found matching symbol: XAUUSD matches XAUUSD.s
[2025-08-05 17:24:18.280] [INFO] OrderSummary panel shown for symbol: XAUUSD.s, Lots: 0,24, Percent: 20,87, Points: 192
[2025-08-05 17:24:19.274] [INFO] Found matching symbol: XAUUSD matches XAUUSD.s
[2025-08-05 17:24:19.280] [INFO] OrderSummary panel shown for symbol: XAUUSD.s, Lots: 0,24, Percent: 22,5, Points: 207
[2025-08-05 17:24:20.279] [INFO] Found matching symbol: XAUUSD matches XAUUSD.s
[2025-08-05 17:24:20.285] [INFO] OrderSummary panel shown for symbol: XAUUSD.s, Lots: 0,24, Percent: 22,61, Points: 207
[2025-08-05 17:24:21.275] [INFO] Found matching symbol: XAUUSD matches XAUUSD.s
[2025-08-05 17:24:21.288] [INFO] OrderSummary panel shown for symbol: XAUUSD.s, Lots: 0,24, Percent: 22,06, Points: 202
[2025-08-05 17:24:22.280] [INFO] Found matching symbol: XAUUSD matches XAUUSD.s
[2025-08-05 17:24:22.294] [INFO] OrderSummary panel shown for symbol: XAUUSD.s, Lots: 0,24, Percent: 22,93, Points: 211
[2025-08-05 17:24:23.286] [INFO] Found matching symbol: XAUUSD matches XAUUSD.s
[2025-08-05 17:24:23.293] [INFO] OrderSummary panel shown for symbol: XAUUSD.s, Lots: 0,24, Percent: 22,5, Points: 207
[2025-08-05 17:24:24.284] [INFO] Found matching symbol: XAUUSD matches XAUUSD.s
[2025-08-05 17:24:24.290] [INFO] OrderSummary panel shown for symbol: XAUUSD.s, Lots: 0,24, Percent: 23,69, Points: 217
[2025-08-05 17:24:25.281] [INFO] Found matching symbol: XAUUSD matches XAUUSD.s
[2025-08-05 17:24:25.293] [INFO] OrderSummary panel shown for symbol: XAUUSD.s, Lots: 0,24, Percent: 24,02, Points: 221
[2025-08-05 17:24:26.279] [INFO] Found matching symbol: XAUUSD matches XAUUSD.s
[2025-08-05 17:24:26.285] [INFO] OrderSummary panel shown for symbol: XAUUSD.s, Lots: 0,24, Percent: 23,04, Points: 211
[2025-08-05 17:24:27.282] [INFO] Found matching symbol: XAUUSD matches XAUUSD.s
[2025-08-05 17:24:27.294] [INFO] OrderSummary panel shown for symbol: XAUUSD.s, Lots: 0,24, Percent: 20,43, Points: 188
[2025-08-05 17:24:28.291] [INFO] Found matching symbol: XAUUSD matches XAUUSD.s
[2025-08-05 17:24:28.303] [INFO] OrderSummary panel shown for symbol: XAUUSD.s, Lots: 0,24, Percent: 22,17, Points: 203
[2025-08-05 17:24:29.303] [INFO] Found matching symbol: XAUUSD matches XAUUSD.s
[2025-08-05 17:24:29.311] [INFO] OrderSummary panel shown for symbol: XAUUSD.s, Lots: 0,24, Percent: 22,28, Points: 205
[2025-08-05 17:24:30.299] [INFO] Found matching symbol: XAUUSD matches XAUUSD.s
[2025-08-05 17:24:30.306] [INFO] OrderSummary panel shown for symbol: XAUUSD.s, Lots: 0,24, Percent: 20,43, Points: 188
[2025-08-05 17:24:31.294] [INFO] Found matching symbol: XAUUSD matches XAUUSD.s
[2025-08-05 17:24:31.302] [INFO] OrderSummary panel shown for symbol: XAUUSD.s, Lots: 0,24, Percent: 20,54, Points: 188
[2025-08-05 17:24:32.292] [INFO] Found matching symbol: XAUUSD matches XAUUSD.s
[2025-08-05 17:24:32.298] [INFO] OrderSummary panel shown for symbol: XAUUSD.s, Lots: 0,24, Percent: 20,98, Points: 192
[2025-08-05 17:24:33.295] [INFO] Found matching symbol: XAUUSD matches XAUUSD.s
[2025-08-05 17:24:33.302] [INFO] OrderSummary panel shown for symbol: XAUUSD.s, Lots: 0,24, Percent: 21,08, Points: 194
[2025-08-05 17:24:34.294] [INFO] Found matching symbol: XAUUSD matches XAUUSD.s
[2025-08-05 17:24:34.302] [INFO] OrderSummary panel shown for symbol: XAUUSD.s, Lots: 0,24, Percent: 21,41, Points: 196
[2025-08-05 17:24:35.293] [INFO] Found matching symbol: XAUUSD matches XAUUSD.s
[2025-08-05 17:24:35.300] [INFO] OrderSummary panel shown for symbol: XAUUSD.s, Lots: 0,24, Percent: 20,54, Points: 188
[2025-08-05 17:24:36.308] [INFO] Found matching symbol: XAUUSD matches XAUUSD.s
[2025-08-05 17:24:36.314] [INFO] OrderSummary panel shown for symbol: XAUUSD.s, Lots: 0,24, Percent: 23,48, Points: 215
[2025-08-05 17:24:37.294] [INFO] Found matching symbol: XAUUSD matches XAUUSD.s
[2025-08-05 17:24:37.302] [INFO] OrderSummary panel shown for symbol: XAUUSD.s, Lots: 0,24, Percent: 23,04, Points: 211
[2025-08-05 17:24:38.298] [INFO] Found matching symbol: XAUUSD matches XAUUSD.s
[2025-08-05 17:24:38.305] [INFO] OrderSummary panel shown for symbol: XAUUSD.s, Lots: 0,24, Percent: 28,37, Points: 261
[2025-08-05 17:24:39.291] [INFO] Found matching symbol: XAUUSD matches XAUUSD.s
[2025-08-05 17:24:39.297] [INFO] OrderSummary panel shown for symbol: XAUUSD.s, Lots: 0,24, Percent: 30,87, Points: 284
[2025-08-05 17:24:39.353] [INFO] Price display panel hidden
[2025-08-05 17:24:39.354] [INFO] Price display panel hidden
[2025-08-05 17:24:40.307] [INFO] Found matching symbol: XAUUSD matches XAUUSD.s
[2025-08-05 17:24:40.317] [INFO] OrderSummary panel shown for symbol: XAUUSD.s, Lots: 0,24, Percent: 31,19, Points: 286
[2025-08-05 17:24:41.357] [INFO] Found matching symbol: XAUUSD matches XAUUSD.s
[2025-08-05 17:24:41.364] [INFO] OrderSummary panel shown for symbol: XAUUSD.s, Lots: 0,24, Percent: 31,3, Points: 288
[2025-08-05 17:24:42.295] [INFO] Found matching symbol: XAUUSD matches XAUUSD.s
[2025-08-05 17:24:42.301] [INFO] OrderSummary panel shown for symbol: XAUUSD.s, Lots: 0,24, Percent: 31,84, Points: 292
[2025-08-05 17:24:43.297] [INFO] Found matching symbol: XAUUSD matches XAUUSD.s
[2025-08-05 17:24:43.305] [INFO] OrderSummary panel shown for symbol: XAUUSD.s, Lots: 0,24, Percent: 31,19, Points: 286
[2025-08-05 17:24:44.297] [INFO] Found matching symbol: XAUUSD matches XAUUSD.s
[2025-08-05 17:24:44.309] [INFO] OrderSummary panel shown for symbol: XAUUSD.s, Lots: 0,24, Percent: 31,08, Points: 286
[2025-08-05 17:24:45.291] [INFO] Found matching symbol: XAUUSD matches XAUUSD.s
[2025-08-05 17:24:45.300] [INFO] OrderSummary panel shown for symbol: XAUUSD.s, Lots: 0,24, Percent: 33,8, Points: 311
[2025-08-05 17:24:46.290] [INFO] Found matching symbol: XAUUSD matches XAUUSD.s
[2025-08-05 17:24:46.297] [INFO] OrderSummary panel shown for symbol: XAUUSD.s, Lots: 0,24, Percent: 34,13, Points: 313
[2025-08-05 17:24:47.289] [INFO] Found matching symbol: XAUUSD matches XAUUSD.s
[2025-08-05 17:24:47.296] [INFO] OrderSummary panel shown for symbol: XAUUSD.s, Lots: 0,24, Percent: 34,34, Points: 315
[2025-08-05 17:24:48.303] [INFO] Found matching symbol: XAUUSD matches XAUUSD.s
[2025-08-05 17:24:48.310] [INFO] OrderSummary panel shown for symbol: XAUUSD.s, Lots: 0,24, Percent: 35,32, Points: 325
[2025-08-05 17:24:49.295] [INFO] Found matching symbol: XAUUSD matches XAUUSD.s
[2025-08-05 17:24:49.307] [INFO] OrderSummary panel shown for symbol: XAUUSD.s, Lots: 0,24, Percent: 37,28, Points: 342
[2025-08-05 17:24:50.290] [INFO] Found matching symbol: XAUUSD matches XAUUSD.s
[2025-08-05 17:24:50.297] [INFO] OrderSummary panel shown for symbol: XAUUSD.s, Lots: 0,24, Percent: 39,89, Points: 367
[2025-08-05 17:24:51.295] [INFO] Found matching symbol: XAUUSD matches XAUUSD.s
[2025-08-05 17:24:51.301] [INFO] OrderSummary panel shown for symbol: XAUUSD.s, Lots: 0,24, Percent: 40,97, Points: 376
[2025-08-05 17:24:52.293] [INFO] Found matching symbol: XAUUSD matches XAUUSD.s
[2025-08-05 17:24:52.301] [INFO] OrderSummary panel shown for symbol: XAUUSD.s, Lots: 0,24, Percent: 41,84, Points: 384
[2025-08-05 17:24:53.293] [INFO] Found matching symbol: XAUUSD matches XAUUSD.s
[2025-08-05 17:24:53.300] [INFO] OrderSummary panel shown for symbol: XAUUSD.s, Lots: 0,24, Percent: 40,65, Points: 373
[2025-08-05 17:24:54.294] [INFO] Found matching symbol: XAUUSD matches XAUUSD.s
[2025-08-05 17:24:54.306] [INFO] OrderSummary panel shown for symbol: XAUUSD.s, Lots: 0,24, Percent: 39,23, Points: 361
[2025-08-05 17:24:55.296] [INFO] Found matching symbol: XAUUSD matches XAUUSD.s
[2025-08-05 17:24:55.302] [INFO] OrderSummary panel shown for symbol: XAUUSD.s, Lots: 0,24, Percent: 39,78, Points: 365
[2025-08-05 17:24:56.290] [INFO] Found matching symbol: XAUUSD matches XAUUSD.s
[2025-08-05 17:24:56.296] [INFO] OrderSummary panel shown for symbol: XAUUSD.s, Lots: 0,24, Percent: 42,82, Points: 394
[2025-08-05 17:24:57.309] [INFO] Found matching symbol: XAUUSD matches XAUUSD.s
[2025-08-05 17:24:57.315] [INFO] OrderSummary panel shown for symbol: XAUUSD.s, Lots: 0,24, Percent: 47,06, Points: 432
[2025-08-05 17:24:58.333] [INFO] Found matching symbol: XAUUSD matches XAUUSD.s
[2025-08-05 17:24:58.341] [INFO] OrderSummary panel shown for symbol: XAUUSD.s, Lots: 0,24, Percent: 45,21, Points: 415
[2025-08-05 17:24:59.305] [INFO] Found matching symbol: XAUUSD matches XAUUSD.s
[2025-08-05 17:24:59.312] [INFO] OrderSummary panel shown for symbol: XAUUSD.s, Lots: 0,24, Percent: 46,62, Points: 428
[2025-08-05 17:25:00.316] [INFO] Found matching symbol: XAUUSD matches XAUUSD.s
[2025-08-05 17:25:00.322] [INFO] OrderSummary panel shown for symbol: XAUUSD.s, Lots: 0,24, Percent: 47,93, Points: 440
[2025-08-05 17:25:01.313] [INFO] Found matching symbol: XAUUSD matches XAUUSD.s
[2025-08-05 17:25:01.319] [INFO] OrderSummary panel shown for symbol: XAUUSD.s, Lots: 0,24, Percent: 48,69, Points: 448
[2025-08-05 17:25:02.315] [INFO] Found matching symbol: XAUUSD matches XAUUSD.s
[2025-08-05 17:25:02.329] [INFO] OrderSummary panel shown for symbol: XAUUSD.s, Lots: 0,24, Percent: 49,12, Points: 451
[2025-08-05 17:25:03.309] [INFO] Found matching symbol: XAUUSD matches XAUUSD.s
[2025-08-05 17:25:03.316] [INFO] OrderSummary panel shown for symbol: XAUUSD.s, Lots: 0,24, Percent: 48,58, Points: 446
[2025-08-05 17:25:04.318] [INFO] Found matching symbol: XAUUSD matches XAUUSD.s
[2025-08-05 17:25:04.324] [INFO] OrderSummary panel shown for symbol: XAUUSD.s, Lots: 0,24, Percent: 48,58, Points: 446
[2025-08-05 17:25:05.309] [INFO] Found matching symbol: XAUUSD matches XAUUSD.s
[2025-08-05 17:25:05.315] [INFO] OrderSummary panel shown for symbol: XAUUSD.s, Lots: 0,24, Percent: 48,36, Points: 444
[2025-08-05 17:25:06.316] [INFO] Found matching symbol: XAUUSD matches XAUUSD.s
[2025-08-05 17:25:06.322] [INFO] OrderSummary panel shown for symbol: XAUUSD.s, Lots: 0,24, Percent: 47,71, Points: 438
[2025-08-05 17:25:07.306] [INFO] Found matching symbol: XAUUSD matches XAUUSD.s
[2025-08-05 17:25:07.318] [INFO] OrderSummary panel shown for symbol: XAUUSD.s, Lots: 0,24, Percent: 48,04, Points: 442
[2025-08-05 17:25:08.313] [INFO] Found matching symbol: XAUUSD matches XAUUSD.s
[2025-08-05 17:25:08.321] [INFO] OrderSummary panel shown for symbol: XAUUSD.s, Lots: 0,24, Percent: 48,36, Points: 444
[2025-08-05 17:25:09.420] [INFO] Found matching symbol: XAUUSD matches XAUUSD.s
[2025-08-05 17:25:09.428] [INFO] OrderSummary panel shown for symbol: XAUUSD.s, Lots: 0,24, Percent: 47,17, Points: 434
[2025-08-05 17:25:10.153] [INFO] Price display panel hidden
[2025-08-05 17:25:10.154] [INFO] Price display panel hidden
[2025-08-05 17:25:10.425] [INFO] Found matching symbol: XAUUSD matches XAUUSD.s
[2025-08-05 17:25:10.431] [INFO] OrderSummary panel shown for symbol: XAUUSD.s, Lots: 0,24, Percent: 45,21, Points: 415
[2025-08-05 17:25:11.423] [INFO] Found matching symbol: XAUUSD matches XAUUSD.s
[2025-08-05 17:25:11.429] [INFO] OrderSummary panel shown for symbol: XAUUSD.s, Lots: 0,24, Percent: 46,52, Points: 427
[2025-08-05 17:25:12.416] [INFO] Found matching symbol: XAUUSD matches XAUUSD.s
[2025-08-05 17:25:12.422] [INFO] OrderSummary panel shown for symbol: XAUUSD.s, Lots: 0,24, Percent: 45,32, Points: 417
[2025-08-05 17:25:13.425] [INFO] Found matching symbol: XAUUSD matches XAUUSD.s
[2025-08-05 17:25:13.431] [INFO] OrderSummary panel shown for symbol: XAUUSD.s, Lots: 0,24, Percent: 36,95, Points: 340
[2025-08-05 17:25:14.427] [INFO] Found matching symbol: XAUUSD matches XAUUSD.s
[2025-08-05 17:25:14.433] [INFO] OrderSummary panel shown for symbol: XAUUSD.s, Lots: 0,24, Percent: 33,58, Points: 309
[2025-08-05 17:25:15.425] [INFO] Found matching symbol: XAUUSD matches XAUUSD.s
[2025-08-05 17:25:15.432] [INFO] OrderSummary panel shown for symbol: XAUUSD.s, Lots: 0,24, Percent: 35,54, Points: 326
[2025-08-05 17:25:16.424] [INFO] Found matching symbol: XAUUSD matches XAUUSD.s
[2025-08-05 17:25:16.437] [INFO] OrderSummary panel shown for symbol: XAUUSD.s, Lots: 0,24, Percent: 35,32, Points: 325
[2025-08-05 17:25:17.422] [INFO] Found matching symbol: XAUUSD matches XAUUSD.s
[2025-08-05 17:25:17.429] [INFO] OrderSummary panel shown for symbol: XAUUSD.s, Lots: 0,24, Percent: 34,89, Points: 321
[2025-08-05 17:25:18.428] [INFO] Found matching symbol: XAUUSD matches XAUUSD.s
[2025-08-05 17:25:18.435] [INFO] OrderSummary panel shown for symbol: XAUUSD.s, Lots: 0,24, Percent: 31,08, Points: 286
[2025-08-05 17:25:19.422] [INFO] Found matching symbol: XAUUSD matches XAUUSD.s
[2025-08-05 17:25:19.434] [INFO] OrderSummary panel shown for symbol: XAUUSD.s, Lots: 0,24, Percent: 29,45, Points: 271
[2025-08-05 17:25:20.421] [INFO] Found matching symbol: XAUUSD matches XAUUSD.s
[2025-08-05 17:25:20.428] [INFO] OrderSummary panel shown for symbol: XAUUSD.s, Lots: 0,24, Percent: 27,5, Points: 252
[2025-08-05 17:25:21.427] [INFO] Found matching symbol: XAUUSD matches XAUUSD.s
[2025-08-05 17:25:21.432] [INFO] OrderSummary panel shown for symbol: XAUUSD.s, Lots: 0,24, Percent: 32,17, Points: 296
[2025-08-05 17:25:22.416] [INFO] Found matching symbol: XAUUSD matches XAUUSD.s
[2025-08-05 17:25:22.424] [INFO] OrderSummary panel shown for symbol: XAUUSD.s, Lots: 0,24, Percent: 35,1, Points: 323
[2025-08-05 17:25:23.420] [INFO] Found matching symbol: XAUUSD matches XAUUSD.s
[2025-08-05 17:25:23.427] [INFO] OrderSummary panel shown for symbol: XAUUSD.s, Lots: 0,24, Percent: 33,8, Points: 311
[2025-08-05 17:25:24.425] [INFO] Found matching symbol: XAUUSD matches XAUUSD.s
[2025-08-05 17:25:24.433] [INFO] OrderSummary panel shown for symbol: XAUUSD.s, Lots: 0,24, Percent: 35,1, Points: 323
[2025-08-05 17:25:25.418] [INFO] Found matching symbol: XAUUSD matches XAUUSD.s
[2025-08-05 17:25:25.428] [INFO] OrderSummary panel shown for symbol: XAUUSD.s, Lots: 0,24, Percent: 33,69, Points: 309
[2025-08-05 17:25:26.417] [INFO] Found matching symbol: XAUUSD matches XAUUSD.s
[2025-08-05 17:25:26.429] [INFO] OrderSummary panel shown for symbol: XAUUSD.s, Lots: 0,24, Percent: 35,65, Points: 327
[2025-08-05 17:25:27.429] [INFO] Found matching symbol: XAUUSD matches XAUUSD.s
[2025-08-05 17:25:27.436] [INFO] OrderSummary panel shown for symbol: XAUUSD.s, Lots: 0,24, Percent: 35,76, Points: 328
[2025-08-05 17:25:28.436] [INFO] Found matching symbol: XAUUSD matches XAUUSD.s
[2025-08-05 17:25:28.443] [INFO] OrderSummary panel shown for symbol: XAUUSD.s, Lots: 0,24, Percent: 40,1, Points: 369
[2025-08-05 17:25:29.419] [INFO] Found matching symbol: XAUUSD matches XAUUSD.s
[2025-08-05 17:25:29.429] [INFO] OrderSummary panel shown for symbol: XAUUSD.s, Lots: 0,24, Percent: 36,63, Points: 336
[2025-08-05 17:25:30.415] [INFO] Found matching symbol: XAUUSD matches XAUUSD.s
[2025-08-05 17:25:30.421] [INFO] OrderSummary panel shown for symbol: XAUUSD.s, Lots: 0,24, Percent: 37,6, Points: 346
[2025-08-05 17:25:31.421] [INFO] Found matching symbol: XAUUSD matches XAUUSD.s
[2025-08-05 17:25:31.428] [INFO] OrderSummary panel shown for symbol: XAUUSD.s, Lots: 0,24, Percent: 36,95, Points: 340
[2025-08-05 17:25:32.429] [INFO] Found matching symbol: XAUUSD matches XAUUSD.s
[2025-08-05 17:25:32.441] [INFO] OrderSummary panel shown for symbol: XAUUSD.s, Lots: 0,24, Percent: 37,93, Points: 348
[2025-08-05 17:25:33.420] [INFO] Found matching symbol: XAUUSD matches XAUUSD.s
[2025-08-05 17:25:33.427] [INFO] OrderSummary panel shown for symbol: XAUUSD.s, Lots: 0,24, Percent: 35,86, Points: 330
[2025-08-05 17:25:34.429] [INFO] Found matching symbol: XAUUSD matches XAUUSD.s
[2025-08-05 17:25:34.435] [INFO] OrderSummary panel shown for symbol: XAUUSD.s, Lots: 0,24, Percent: 35,43, Points: 325
[2025-08-05 17:25:35.431] [INFO] Found matching symbol: XAUUSD matches XAUUSD.s
[2025-08-05 17:25:35.437] [INFO] OrderSummary panel shown for symbol: XAUUSD.s, Lots: 0,24, Percent: 35,43, Points: 325
[2025-08-05 17:25:36.441] [INFO] Found matching symbol: XAUUSD matches XAUUSD.s
[2025-08-05 17:25:36.447] [INFO] OrderSummary panel shown for symbol: XAUUSD.s, Lots: 0,24, Percent: 34,13, Points: 313
[2025-08-05 17:25:37.443] [INFO] Found matching symbol: XAUUSD matches XAUUSD.s
[2025-08-05 17:25:37.455] [INFO] OrderSummary panel shown for symbol: XAUUSD.s, Lots: 0,24, Percent: 32,93, Points: 302
[2025-08-05 17:25:38.435] [INFO] Found matching symbol: XAUUSD matches XAUUSD.s
[2025-08-05 17:25:38.441] [INFO] OrderSummary panel shown for symbol: XAUUSD.s, Lots: 0,24, Percent: 33,58, Points: 309
[2025-08-05 17:25:39.431] [INFO] Found matching symbol: XAUUSD matches XAUUSD.s
[2025-08-05 17:25:39.439] [INFO] OrderSummary panel shown for symbol: XAUUSD.s, Lots: 0,24, Percent: 32,6, Points: 300
[2025-08-05 17:25:40.436] [INFO] Found matching symbol: XAUUSD matches XAUUSD.s
[2025-08-05 17:25:40.449] [INFO] OrderSummary panel shown for symbol: XAUUSD.s, Lots: 0,24, Percent: 32,39, Points: 298
[2025-08-05 17:25:41.436] [INFO] Found matching symbol: XAUUSD matches XAUUSD.s
[2025-08-05 17:25:41.443] [INFO] OrderSummary panel shown for symbol: XAUUSD.s, Lots: 0,24, Percent: 31,63, Points: 290
[2025-08-05 17:25:42.434] [INFO] Found matching symbol: XAUUSD matches XAUUSD.s
[2025-08-05 17:25:42.446] [INFO] OrderSummary panel shown for symbol: XAUUSD.s, Lots: 0,24, Percent: 31,41, Points: 288
[2025-08-05 17:25:43.434] [INFO] Found matching symbol: XAUUSD matches XAUUSD.s
[2025-08-05 17:25:43.440] [INFO] OrderSummary panel shown for symbol: XAUUSD.s, Lots: 0,24, Percent: 30,87, Points: 284
[2025-08-05 17:25:44.430] [INFO] Found matching symbol: XAUUSD matches XAUUSD.s
[2025-08-05 17:25:44.436] [INFO] OrderSummary panel shown for symbol: XAUUSD.s, Lots: 0,24, Percent: 30,21, Points: 277
[2025-08-05 17:25:45.444] [INFO] Found matching symbol: XAUUSD matches XAUUSD.s
[2025-08-05 17:25:45.451] [INFO] OrderSummary panel shown for symbol: XAUUSD.s, Lots: 0,24, Percent: 30,32, Points: 278
[2025-08-05 17:25:46.433] [INFO] Found matching symbol: XAUUSD matches XAUUSD.s
[2025-08-05 17:25:46.445] [INFO] OrderSummary panel shown for symbol: XAUUSD.s, Lots: 0,24, Percent: 30,54, Points: 280
[2025-08-05 17:25:47.431] [INFO] Found matching symbol: XAUUSD matches XAUUSD.s
[2025-08-05 17:25:47.439] [INFO] OrderSummary panel shown for symbol: XAUUSD.s, Lots: 0,24, Percent: 32,6, Points: 300
[2025-08-05 17:25:48.435] [INFO] Found matching symbol: XAUUSD matches XAUUSD.s
[2025-08-05 17:25:48.447] [INFO] OrderSummary panel shown for symbol: XAUUSD.s, Lots: 0,24, Percent: 33,37, Points: 307
[2025-08-05 17:25:49.436] [INFO] Found matching symbol: XAUUSD matches XAUUSD.s
[2025-08-05 17:25:49.448] [INFO] OrderSummary panel shown for symbol: XAUUSD.s, Lots: 0,24, Percent: 32,82, Points: 301
[2025-08-05 17:25:50.443] [INFO] Found matching symbol: XAUUSD matches XAUUSD.s
[2025-08-05 17:25:50.455] [INFO] OrderSummary panel shown for symbol: XAUUSD.s, Lots: 0,24, Percent: 29,78, Points: 273
[2025-08-05 17:25:51.439] [INFO] Found matching symbol: XAUUSD matches XAUUSD.s
[2025-08-05 17:25:51.445] [INFO] OrderSummary panel shown for symbol: XAUUSD.s, Lots: 0,24, Percent: 30,43, Points: 280
[2025-08-05 17:25:52.437] [INFO] Found matching symbol: XAUUSD matches XAUUSD.s
[2025-08-05 17:25:52.452] [INFO] OrderSummary panel shown for symbol: XAUUSD.s, Lots: 0,24, Percent: 31,73, Points: 292
[2025-08-05 17:25:53.439] [INFO] Found matching symbol: XAUUSD matches XAUUSD.s
[2025-08-05 17:25:53.446] [INFO] OrderSummary panel shown for symbol: XAUUSD.s, Lots: 0,24, Percent: 32,28, Points: 296
[2025-08-05 17:25:54.439] [INFO] Found matching symbol: XAUUSD matches XAUUSD.s
[2025-08-05 17:25:54.446] [INFO] OrderSummary panel shown for symbol: XAUUSD.s, Lots: 0,24, Percent: 31,19, Points: 286
[2025-08-05 17:25:55.446] [INFO] Found matching symbol: XAUUSD matches XAUUSD.s
[2025-08-05 17:25:55.452] [INFO] OrderSummary panel shown for symbol: XAUUSD.s, Lots: 0,24, Percent: 29,56, Points: 271
[2025-08-05 17:25:56.434] [INFO] Found matching symbol: XAUUSD matches XAUUSD.s
[2025-08-05 17:25:56.446] [INFO] OrderSummary panel shown for symbol: XAUUSD.s, Lots: 0,24, Percent: 28,04, Points: 257
[2025-08-05 17:25:57.464] [INFO] Found matching symbol: XAUUSD matches XAUUSD.s
[2025-08-05 17:25:57.475] [INFO] OrderSummary panel shown for symbol: XAUUSD.s, Lots: 0,24, Percent: 29,34, Points: 269
[2025-08-05 17:25:58.435] [INFO] Found matching symbol: XAUUSD matches XAUUSD.s
[2025-08-05 17:25:58.447] [INFO] OrderSummary panel shown for symbol: XAUUSD.s, Lots: 0,24, Percent: 29,67, Points: 273
[2025-08-05 17:25:59.431] [INFO] Found matching symbol: XAUUSD matches XAUUSD.s
[2025-08-05 17:25:59.443] [INFO] OrderSummary panel shown for symbol: XAUUSD.s, Lots: 0,24, Percent: 28,47, Points: 261
[2025-08-05 17:26:00.450] [INFO] Found matching symbol: XAUUSD matches XAUUSD.s
[2025-08-05 17:26:00.456] [INFO] OrderSummary panel shown for symbol: XAUUSD.s, Lots: 0,24, Percent: 27,71, Points: 255
[2025-08-05 17:26:01.434] [INFO] Found matching symbol: XAUUSD matches XAUUSD.s
[2025-08-05 17:26:01.445] [INFO] OrderSummary panel shown for symbol: XAUUSD.s, Lots: 0,24, Percent: 27,6, Points: 253
[2025-08-05 17:26:02.446] [INFO] Found matching symbol: XAUUSD matches XAUUSD.s
[2025-08-05 17:26:02.454] [INFO] OrderSummary panel shown for symbol: XAUUSD.s, Lots: 0,24, Percent: 27,39, Points: 251
[2025-08-05 17:26:03.436] [INFO] Found matching symbol: XAUUSD matches XAUUSD.s
[2025-08-05 17:26:03.444] [INFO] OrderSummary panel shown for symbol: XAUUSD.s, Lots: 0,24, Percent: 27,93, Points: 257
[2025-08-05 17:26:04.440] [INFO] Found matching symbol: XAUUSD matches XAUUSD.s
[2025-08-05 17:26:04.452] [INFO] OrderSummary panel shown for symbol: XAUUSD.s, Lots: 0,24, Percent: 27,6, Points: 253
[2025-08-05 17:26:05.437] [INFO] Found matching symbol: XAUUSD matches XAUUSD.s
[2025-08-05 17:26:05.450] [INFO] OrderSummary panel shown for symbol: XAUUSD.s, Lots: 0,24, Percent: 25,32, Points: 232
[2025-08-05 17:26:06.433] [INFO] Found matching symbol: XAUUSD matches XAUUSD.s
[2025-08-05 17:26:06.439] [INFO] OrderSummary panel shown for symbol: XAUUSD.s, Lots: 0,24, Percent: 22,93, Points: 211
[2025-08-05 17:26:07.432] [INFO] Found matching symbol: XAUUSD matches XAUUSD.s
[2025-08-05 17:26:07.439] [INFO] OrderSummary panel shown for symbol: XAUUSD.s, Lots: 0,24, Percent: 21,74, Points: 200
[2025-08-05 17:26:08.434] [INFO] Found matching symbol: XAUUSD matches XAUUSD.s
[2025-08-05 17:26:08.441] [INFO] OrderSummary panel shown for symbol: XAUUSD.s, Lots: 0,24, Percent: 29,56, Points: 271
[2025-08-05 17:26:09.438] [INFO] Found matching symbol: XAUUSD matches XAUUSD.s
[2025-08-05 17:26:09.447] [INFO] OrderSummary panel shown for symbol: XAUUSD.s, Lots: 0,24, Percent: 31,73, Points: 292
[2025-08-05 17:26:10.465] [INFO] Found matching symbol: XAUUSD matches XAUUSD.s
[2025-08-05 17:26:10.472] [INFO] OrderSummary panel shown for symbol: XAUUSD.s, Lots: 0,24, Percent: 33,91, Points: 311
[2025-08-05 17:26:11.439] [INFO] Found matching symbol: XAUUSD matches XAUUSD.s
[2025-08-05 17:26:11.447] [INFO] OrderSummary panel shown for symbol: XAUUSD.s, Lots: 0,24, Percent: 33,37, Points: 307
[2025-08-05 17:26:12.435] [INFO] Found matching symbol: XAUUSD matches XAUUSD.s
[2025-08-05 17:26:12.448] [INFO] OrderSummary panel shown for symbol: XAUUSD.s, Lots: 0,24, Percent: 34,56, Points: 317
[2025-08-05 17:26:13.437] [INFO] Found matching symbol: XAUUSD matches XAUUSD.s
[2025-08-05 17:26:13.450] [INFO] OrderSummary panel shown for symbol: XAUUSD.s, Lots: 0,24, Percent: 32,6, Points: 300
[2025-08-05 17:26:14.440] [INFO] Found matching symbol: XAUUSD matches XAUUSD.s
[2025-08-05 17:26:14.446] [INFO] OrderSummary panel shown for symbol: XAUUSD.s, Lots: 0,24, Percent: 32,93, Points: 302
[2025-08-05 17:26:15.437] [INFO] Found matching symbol: XAUUSD matches XAUUSD.s
[2025-08-05 17:26:15.450] [INFO] OrderSummary panel shown for symbol: XAUUSD.s, Lots: 0,24, Percent: 33,04, Points: 303
[2025-08-05 17:26:16.435] [INFO] Found matching symbol: XAUUSD matches XAUUSD.s
[2025-08-05 17:26:16.441] [INFO] OrderSummary panel shown for symbol: XAUUSD.s, Lots: 0,24, Percent: 33,04, Points: 303
[2025-08-05 17:26:17.431] [INFO] Found matching symbol: XAUUSD matches XAUUSD.s
[2025-08-05 17:26:17.437] [INFO] OrderSummary panel shown for symbol: XAUUSD.s, Lots: 0,24, Percent: 34,34, Points: 315
[2025-08-05 17:26:18.433] [INFO] Found matching symbol: XAUUSD matches XAUUSD.s
[2025-08-05 17:26:18.439] [INFO] OrderSummary panel shown for symbol: XAUUSD.s, Lots: 0,24, Percent: 34,34, Points: 315
[2025-08-05 17:26:19.444] [INFO] Found matching symbol: XAUUSD matches XAUUSD.s
[2025-08-05 17:26:19.451] [INFO] OrderSummary panel shown for symbol: XAUUSD.s, Lots: 0,24, Percent: 34,34, Points: 315
[2025-08-05 17:26:20.439] [INFO] Found matching symbol: XAUUSD matches XAUUSD.s
[2025-08-05 17:26:20.445] [INFO] OrderSummary panel shown for symbol: XAUUSD.s, Lots: 0,24, Percent: 33,47, Points: 307
[2025-08-05 17:26:21.430] [INFO] Found matching symbol: XAUUSD matches XAUUSD.s
[2025-08-05 17:26:21.436] [INFO] OrderSummary panel shown for symbol: XAUUSD.s, Lots: 0,24, Percent: 29,34, Points: 269
[2025-08-05 17:26:22.433] [INFO] Found matching symbol: XAUUSD matches XAUUSD.s
[2025-08-05 17:26:22.439] [INFO] OrderSummary panel shown for symbol: XAUUSD.s, Lots: 0,24, Percent: 29,34, Points: 269
[2025-08-05 17:26:23.439] [INFO] Found matching symbol: XAUUSD matches XAUUSD.s
[2025-08-05 17:26:23.447] [INFO] OrderSummary panel shown for symbol: XAUUSD.s, Lots: 0,24, Percent: 30, Points: 275
[2025-08-05 17:26:24.446] [INFO] Found matching symbol: XAUUSD matches XAUUSD.s
[2025-08-05 17:26:24.451] [INFO] OrderSummary panel shown for symbol: XAUUSD.s, Lots: 0,24, Percent: 29,13, Points: 267
[2025-08-05 17:26:25.484] [INFO] Found matching symbol: XAUUSD matches XAUUSD.s
[2025-08-05 17:26:25.490] [INFO] OrderSummary panel shown for symbol: XAUUSD.s, Lots: 0,24, Percent: 25,76, Points: 236
[2025-08-05 17:26:26.446] [INFO] Found matching symbol: XAUUSD matches XAUUSD.s
[2025-08-05 17:26:26.453] [INFO] OrderSummary panel shown for symbol: XAUUSD.s, Lots: 0,24, Percent: 28,58, Points: 263
[2025-08-05 17:26:27.456] [INFO] Found matching symbol: XAUUSD matches XAUUSD.s
[2025-08-05 17:26:27.463] [INFO] OrderSummary panel shown for symbol: XAUUSD.s, Lots: 0,24, Percent: 29,02, Points: 267
[2025-08-05 17:26:28.447] [INFO] Found matching symbol: XAUUSD matches XAUUSD.s
[2025-08-05 17:26:28.453] [INFO] OrderSummary panel shown for symbol: XAUUSD.s, Lots: 0,24, Percent: 27,06, Points: 248
[2025-08-05 17:26:29.476] [INFO] Found matching symbol: XAUUSD matches XAUUSD.s
[2025-08-05 17:26:29.482] [INFO] OrderSummary panel shown for symbol: XAUUSD.s, Lots: 0,24, Percent: 24,56, Points: 225
[2025-08-05 17:26:30.448] [INFO] Found matching symbol: XAUUSD matches XAUUSD.s
[2025-08-05 17:26:30.453] [INFO] OrderSummary panel shown for symbol: XAUUSD.s, Lots: 0,24, Percent: 21,63, Points: 198
[2025-08-05 17:26:31.453] [INFO] Found matching symbol: XAUUSD matches XAUUSD.s
[2025-08-05 17:26:31.461] [INFO] OrderSummary panel shown for symbol: XAUUSD.s, Lots: 0,24, Percent: 21,19, Points: 194
[2025-08-05 17:26:32.456] [INFO] Found matching symbol: XAUUSD matches XAUUSD.s
[2025-08-05 17:26:32.462] [INFO] OrderSummary panel shown for symbol: XAUUSD.s, Lots: 0,24, Percent: 22,82, Points: 209
[2025-08-05 17:26:33.460] [INFO] Found matching symbol: XAUUSD matches XAUUSD.s
[2025-08-05 17:26:33.467] [INFO] OrderSummary panel shown for symbol: XAUUSD.s, Lots: 0,24, Percent: 22,71, Points: 209
[2025-08-05 17:26:34.452] [INFO] Found matching symbol: XAUUSD matches XAUUSD.s
[2025-08-05 17:26:34.464] [INFO] OrderSummary panel shown for symbol: XAUUSD.s, Lots: 0,24, Percent: 21,63, Points: 198
[2025-08-05 17:26:35.460] [INFO] Found matching symbol: XAUUSD matches XAUUSD.s
[2025-08-05 17:26:35.466] [INFO] OrderSummary panel shown for symbol: XAUUSD.s, Lots: 0,24, Percent: 20,76, Points: 190
[2025-08-05 17:26:36.454] [INFO] Found matching symbol: XAUUSD matches XAUUSD.s
[2025-08-05 17:26:36.460] [INFO] OrderSummary panel shown for symbol: XAUUSD.s, Lots: 0,24, Percent: 19,45, Points: 178
[2025-08-05 17:26:37.457] [INFO] Found matching symbol: XAUUSD matches XAUUSD.s
[2025-08-05 17:26:37.465] [INFO] OrderSummary panel shown for symbol: XAUUSD.s, Lots: 0,24, Percent: 17,17, Points: 157
[2025-08-05 17:26:38.447] [INFO] Found matching symbol: XAUUSD matches XAUUSD.s
[2025-08-05 17:26:38.453] [INFO] OrderSummary panel shown for symbol: XAUUSD.s, Lots: 0,24, Percent: 15,98, Points: 146
[2025-08-05 17:26:39.448] [INFO] Found matching symbol: XAUUSD matches XAUUSD.s
[2025-08-05 17:26:39.454] [INFO] OrderSummary panel shown for symbol: XAUUSD.s, Lots: 0,24, Percent: 17,06, Points: 157
[2025-08-05 17:26:40.459] [INFO] Found matching symbol: XAUUSD matches XAUUSD.s
[2025-08-05 17:26:40.465] [INFO] OrderSummary panel shown for symbol: XAUUSD.s, Lots: 0,24, Percent: 17,61, Points: 161
[2025-08-05 17:26:41.453] [INFO] Found matching symbol: XAUUSD matches XAUUSD.s
[2025-08-05 17:26:41.459] [INFO] OrderSummary panel shown for symbol: XAUUSD.s, Lots: 0,24, Percent: 17,39, Points: 159
[2025-08-05 17:26:42.446] [INFO] Found matching symbol: XAUUSD matches XAUUSD.s
[2025-08-05 17:26:42.453] [INFO] OrderSummary panel shown for symbol: XAUUSD.s, Lots: 0,24, Percent: 18,37, Points: 169
[2025-08-05 17:26:43.446] [INFO] Found matching symbol: XAUUSD matches XAUUSD.s
[2025-08-05 17:26:43.453] [INFO] OrderSummary panel shown for symbol: XAUUSD.s, Lots: 0,24, Percent: 19,78, Points: 182
[2025-08-05 17:26:44.451] [INFO] Found matching symbol: XAUUSD matches XAUUSD.s
[2025-08-05 17:26:44.458] [INFO] OrderSummary panel shown for symbol: XAUUSD.s, Lots: 0,24, Percent: 19,89, Points: 182
[2025-08-05 17:26:45.452] [INFO] Found matching symbol: XAUUSD matches XAUUSD.s
[2025-08-05 17:26:45.459] [INFO] OrderSummary panel shown for symbol: XAUUSD.s, Lots: 0,24, Percent: 19,45, Points: 178
[2025-08-05 17:26:46.461] [INFO] Found matching symbol: XAUUSD matches XAUUSD.s
[2025-08-05 17:26:46.468] [INFO] OrderSummary panel shown for symbol: XAUUSD.s, Lots: 0,24, Percent: 18,91, Points: 173
[2025-08-05 17:26:47.453] [INFO] Found matching symbol: XAUUSD matches XAUUSD.s
[2025-08-05 17:26:47.459] [INFO] OrderSummary panel shown for symbol: XAUUSD.s, Lots: 0,24, Percent: 20, Points: 184
[2025-08-05 17:26:48.457] [INFO] Found matching symbol: XAUUSD matches XAUUSD.s
[2025-08-05 17:26:48.466] [INFO] OrderSummary panel shown for symbol: XAUUSD.s, Lots: 0,24, Percent: 21,08, Points: 194
[2025-08-05 17:26:49.450] [INFO] Found matching symbol: XAUUSD matches XAUUSD.s
[2025-08-05 17:26:49.456] [INFO] OrderSummary panel shown for symbol: XAUUSD.s, Lots: 0,24, Percent: 19,45, Points: 178
[2025-08-05 17:26:50.451] [INFO] Found matching symbol: XAUUSD matches XAUUSD.s
[2025-08-05 17:26:50.463] [INFO] OrderSummary panel shown for symbol: XAUUSD.s, Lots: 0,24, Percent: 20,54, Points: 188
[2025-08-05 17:26:51.462] [INFO] Found matching symbol: XAUUSD matches XAUUSD.s
[2025-08-05 17:26:51.469] [INFO] OrderSummary panel shown for symbol: XAUUSD.s, Lots: 0,24, Percent: 20,11, Points: 184
[2025-08-05 17:26:52.482] [INFO] Found matching symbol: XAUUSD matches XAUUSD.s
[2025-08-05 17:26:52.488] [INFO] OrderSummary panel shown for symbol: XAUUSD.s, Lots: 0,24, Percent: 20,32, Points: 186
[2025-08-05 17:26:53.466] [INFO] Found matching symbol: XAUUSD matches XAUUSD.s
[2025-08-05 17:26:53.473] [INFO] OrderSummary panel shown for symbol: XAUUSD.s, Lots: 0,24, Percent: 20,21, Points: 186
[2025-08-05 17:26:54.470] [INFO] Found matching symbol: XAUUSD matches XAUUSD.s
[2025-08-05 17:26:54.478] [INFO] OrderSummary panel shown for symbol: XAUUSD.s, Lots: 0,24, Percent: 16,85, Points: 155
[2025-08-05 17:26:55.462] [INFO] Found matching symbol: XAUUSD matches XAUUSD.s
[2025-08-05 17:26:55.469] [INFO] OrderSummary panel shown for symbol: XAUUSD.s, Lots: 0,24, Percent: 14,89, Points: 136
[2025-08-05 17:26:56.473] [INFO] Found matching symbol: XAUUSD matches XAUUSD.s
[2025-08-05 17:26:56.479] [INFO] OrderSummary panel shown for symbol: XAUUSD.s, Lots: 0,24, Percent: 16,52, Points: 151
[2025-08-05 17:26:57.473] [INFO] Found matching symbol: XAUUSD matches XAUUSD.s
[2025-08-05 17:26:57.480] [INFO] OrderSummary panel shown for symbol: XAUUSD.s, Lots: 0,24, Percent: 19,56, Points: 180
[2025-08-05 17:26:58.464] [INFO] Found matching symbol: XAUUSD matches XAUUSD.s
[2025-08-05 17:26:58.471] [INFO] OrderSummary panel shown for symbol: XAUUSD.s, Lots: 0,24, Percent: 19,67, Points: 180
[2025-08-05 17:26:59.476] [INFO] Found matching symbol: XAUUSD matches XAUUSD.s
[2025-08-05 17:26:59.482] [INFO] OrderSummary panel shown for symbol: XAUUSD.s, Lots: 0,24, Percent: 18,91, Points: 173
[2025-08-05 17:27:00.465] [INFO] Found matching symbol: XAUUSD matches XAUUSD.s
[2025-08-05 17:27:00.466] [INFO] OrderSummary panel shown for symbol: XAUUSD.s, Lots: 0,24, Percent: 19,35, Points: 177
[2025-08-05 17:27:01.480] [INFO] Found matching symbol: XAUUSD matches XAUUSD.s
[2025-08-05 17:27:01.487] [INFO] OrderSummary panel shown for symbol: XAUUSD.s, Lots: 0,24, Percent: 19,02, Points: 175
[2025-08-05 17:27:02.469] [INFO] Found matching symbol: XAUUSD matches XAUUSD.s
[2025-08-05 17:27:02.476] [INFO] OrderSummary panel shown for symbol: XAUUSD.s, Lots: 0,24, Percent: 18,58, Points: 171
[2025-08-05 17:27:03.472] [INFO] Found matching symbol: XAUUSD matches XAUUSD.s
[2025-08-05 17:27:03.480] [INFO] OrderSummary panel shown for symbol: XAUUSD.s, Lots: 0,24, Percent: 18,15, Points: 167
[2025-08-05 17:27:04.475] [INFO] Found matching symbol: XAUUSD matches XAUUSD.s
[2025-08-05 17:27:04.481] [INFO] OrderSummary panel shown for symbol: XAUUSD.s, Lots: 0,24, Percent: 19,02, Points: 175
[2025-08-05 17:27:05.464] [INFO] Found matching symbol: XAUUSD matches XAUUSD.s
[2025-08-05 17:27:05.471] [INFO] OrderSummary panel shown for symbol: XAUUSD.s, Lots: 0,24, Percent: 20,11, Points: 184
[2025-08-05 17:27:06.470] [INFO] Found matching symbol: XAUUSD matches XAUUSD.s
[2025-08-05 17:27:06.476] [INFO] OrderSummary panel shown for symbol: XAUUSD.s, Lots: 0,24, Percent: 20,65, Points: 190
[2025-08-05 17:27:07.463] [INFO] Found matching symbol: XAUUSD matches XAUUSD.s
[2025-08-05 17:27:07.470] [INFO] OrderSummary panel shown for symbol: XAUUSD.s, Lots: 0,24, Percent: 20,76, Points: 190
[2025-08-05 17:27:08.463] [INFO] Found matching symbol: XAUUSD matches XAUUSD.s
[2025-08-05 17:27:08.469] [INFO] OrderSummary panel shown for symbol: XAUUSD.s, Lots: 0,24, Percent: 24,02, Points: 221
[2025-08-05 17:27:09.467] [INFO] Found matching symbol: XAUUSD matches XAUUSD.s
[2025-08-05 17:27:09.479] [INFO] OrderSummary panel shown for symbol: XAUUSD.s, Lots: 0,24, Percent: 24,13, Points: 221
[2025-08-05 17:27:10.470] [INFO] Found matching symbol: XAUUSD matches XAUUSD.s
[2025-08-05 17:27:10.476] [INFO] OrderSummary panel shown for symbol: XAUUSD.s, Lots: 0,24, Percent: 24,02, Points: 221
[2025-08-05 17:27:11.465] [INFO] Found matching symbol: XAUUSD matches XAUUSD.s
[2025-08-05 17:27:11.471] [INFO] OrderSummary panel shown for symbol: XAUUSD.s, Lots: 0,24, Percent: 25,76, Points: 236
[2025-08-05 17:27:12.471] [INFO] Found matching symbol: XAUUSD matches XAUUSD.s
[2025-08-05 17:27:12.477] [INFO] OrderSummary panel shown for symbol: XAUUSD.s, Lots: 0,24, Percent: 28,15, Points: 259
[2025-08-05 17:27:13.461] [INFO] Found matching symbol: XAUUSD matches XAUUSD.s
[2025-08-05 17:27:13.467] [INFO] OrderSummary panel shown for symbol: XAUUSD.s, Lots: 0,24, Percent: 29,89, Points: 275
[2025-08-05 17:27:14.464] [INFO] Found matching symbol: XAUUSD matches XAUUSD.s
[2025-08-05 17:27:14.471] [INFO] OrderSummary panel shown for symbol: XAUUSD.s, Lots: 0,24, Percent: 28,69, Points: 263
[2025-08-05 17:27:15.472] [INFO] Found matching symbol: XAUUSD matches XAUUSD.s
[2025-08-05 17:27:15.478] [INFO] OrderSummary panel shown for symbol: XAUUSD.s, Lots: 0,24, Percent: 28,91, Points: 265
[2025-08-05 17:27:16.471] [INFO] Found matching symbol: XAUUSD matches XAUUSD.s
[2025-08-05 17:27:16.483] [INFO] OrderSummary panel shown for symbol: XAUUSD.s, Lots: 0,24, Percent: 28,8, Points: 265
[2025-08-05 17:27:17.465] [INFO] Found matching symbol: XAUUSD matches XAUUSD.s
[2025-08-05 17:27:17.471] [INFO] OrderSummary panel shown for symbol: XAUUSD.s, Lots: 0,24, Percent: 28,47, Points: 261
[2025-08-05 17:27:18.468] [INFO] Found matching symbol: XAUUSD matches XAUUSD.s
[2025-08-05 17:27:18.474] [INFO] OrderSummary panel shown for symbol: XAUUSD.s, Lots: 0,24, Percent: 26,3, Points: 242
[2025-08-05 17:27:19.473] [INFO] Found matching symbol: XAUUSD matches XAUUSD.s
[2025-08-05 17:27:19.480] [INFO] OrderSummary panel shown for symbol: XAUUSD.s, Lots: 0,24, Percent: 25,32, Points: 232
[2025-08-05 17:27:20.476] [INFO] Found matching symbol: XAUUSD matches XAUUSD.s
[2025-08-05 17:27:20.482] [INFO] OrderSummary panel shown for symbol: XAUUSD.s, Lots: 0,24, Percent: 24,56, Points: 225
[2025-08-05 17:27:21.464] [INFO] Found matching symbol: XAUUSD matches XAUUSD.s
[2025-08-05 17:27:21.470] [INFO] OrderSummary panel shown for symbol: XAUUSD.s, Lots: 0,24, Percent: 21,95, Points: 201
[2025-08-05 17:27:22.476] [INFO] Found matching symbol: XAUUSD matches XAUUSD.s
[2025-08-05 17:27:22.482] [INFO] OrderSummary panel shown for symbol: XAUUSD.s, Lots: 0,24, Percent: 20,43, Points: 188
[2025-08-05 17:27:23.465] [INFO] Found matching symbol: XAUUSD matches XAUUSD.s
[2025-08-05 17:27:23.472] [INFO] OrderSummary panel shown for symbol: XAUUSD.s, Lots: 0,24, Percent: 24,34, Points: 223
[2025-08-05 17:27:24.477] [INFO] Found matching symbol: XAUUSD matches XAUUSD.s
[2025-08-05 17:27:24.484] [INFO] OrderSummary panel shown for symbol: XAUUSD.s, Lots: 0,24, Percent: 24,02, Points: 221
[2025-08-05 17:27:25.471] [INFO] Found matching symbol: XAUUSD matches XAUUSD.s
[2025-08-05 17:27:25.477] [INFO] OrderSummary panel shown for symbol: XAUUSD.s, Lots: 0,24, Percent: 23,37, Points: 215
[2025-08-05 17:27:26.477] [INFO] Found matching symbol: XAUUSD matches XAUUSD.s
[2025-08-05 17:27:26.487] [INFO] OrderSummary panel shown for symbol: XAUUSD.s, Lots: 0,24, Percent: 22,71, Points: 209
[2025-08-05 17:27:27.467] [INFO] Found matching symbol: XAUUSD matches XAUUSD.s
[2025-08-05 17:27:27.472] [INFO] OrderSummary panel shown for symbol: XAUUSD.s, Lots: 0,24, Percent: 21,74, Points: 200
[2025-08-05 17:27:28.476] [INFO] Found matching symbol: XAUUSD matches XAUUSD.s
[2025-08-05 17:27:28.480] [INFO] OrderSummary panel shown for symbol: XAUUSD.s, Lots: 0,24, Percent: 22,71, Points: 209
[2025-08-05 17:27:29.466] [INFO] Found matching symbol: XAUUSD matches XAUUSD.s
[2025-08-05 17:27:29.473] [INFO] OrderSummary panel shown for symbol: XAUUSD.s, Lots: 0,24, Percent: 23,91, Points: 219
[2025-08-05 17:27:30.470] [INFO] Found matching symbol: XAUUSD matches XAUUSD.s
[2025-08-05 17:27:30.478] [INFO] OrderSummary panel shown for symbol: XAUUSD.s, Lots: 0,24, Percent: 22,82, Points: 209
[2025-08-05 17:27:31.463] [INFO] Found matching symbol: XAUUSD matches XAUUSD.s
[2025-08-05 17:27:31.470] [INFO] OrderSummary panel shown for symbol: XAUUSD.s, Lots: 0,24, Percent: 18,04, Points: 165
[2025-08-05 17:27:32.472] [INFO] Found matching symbol: XAUUSD matches XAUUSD.s
[2025-08-05 17:27:32.478] [INFO] OrderSummary panel shown for symbol: XAUUSD.s, Lots: 0,24, Percent: 17,82, Points: 163
[2025-08-05 17:27:33.466] [INFO] Found matching symbol: XAUUSD matches XAUUSD.s
[2025-08-05 17:27:33.472] [INFO] OrderSummary panel shown for symbol: XAUUSD.s, Lots: 0,24, Percent: 18,26, Points: 167
[2025-08-05 17:27:34.472] [INFO] Found matching symbol: XAUUSD matches XAUUSD.s
[2025-08-05 17:27:34.478] [INFO] OrderSummary panel shown for symbol: XAUUSD.s, Lots: 0,24, Percent: 16,08, Points: 148
[2025-08-05 17:27:35.462] [INFO] Found matching symbol: XAUUSD matches XAUUSD.s
[2025-08-05 17:27:35.469] [INFO] OrderSummary panel shown for symbol: XAUUSD.s, Lots: 0,24, Percent: 17,93, Points: 165
[2025-08-05 17:27:36.469] [INFO] Found matching symbol: XAUUSD matches XAUUSD.s
[2025-08-05 17:27:36.475] [INFO] OrderSummary panel shown for symbol: XAUUSD.s, Lots: 0,24, Percent: 17,5, Points: 161
[2025-08-05 17:27:37.473] [INFO] Found matching symbol: XAUUSD matches XAUUSD.s
[2025-08-05 17:27:37.479] [INFO] OrderSummary panel shown for symbol: XAUUSD.s, Lots: 0,24, Percent: 18,58, Points: 171
[2025-08-05 17:27:38.478] [INFO] Found matching symbol: XAUUSD matches XAUUSD.s
[2025-08-05 17:27:38.484] [INFO] OrderSummary panel shown for symbol: XAUUSD.s, Lots: 0,24, Percent: 20,21, Points: 186
[2025-08-05 17:27:39.470] [INFO] Found matching symbol: XAUUSD matches XAUUSD.s
[2025-08-05 17:27:39.476] [INFO] OrderSummary panel shown for symbol: XAUUSD.s, Lots: 0,24, Percent: 19,35, Points: 177
[2025-08-05 17:27:40.460] [INFO] Found matching symbol: XAUUSD matches XAUUSD.s
[2025-08-05 17:27:40.467] [INFO] OrderSummary panel shown for symbol: XAUUSD.s, Lots: 0,24, Percent: 19,24, Points: 176
[2025-08-05 17:27:41.475] [INFO] Found matching symbol: XAUUSD matches XAUUSD.s
[2025-08-05 17:27:41.481] [INFO] OrderSummary panel shown for symbol: XAUUSD.s, Lots: 0,24, Percent: 20,11, Points: 184
[2025-08-05 17:27:42.464] [INFO] Found matching symbol: XAUUSD matches XAUUSD.s
[2025-08-05 17:27:42.476] [INFO] OrderSummary panel shown for symbol: XAUUSD.s, Lots: 0,24, Percent: 20,11, Points: 184
[2025-08-05 17:27:43.466] [INFO] Found matching symbol: XAUUSD matches XAUUSD.s
[2025-08-05 17:27:43.472] [INFO] OrderSummary panel shown for symbol: XAUUSD.s, Lots: 0,24, Percent: 24,45, Points: 225
[2025-08-05 17:27:44.470] [INFO] Found matching symbol: XAUUSD matches XAUUSD.s
[2025-08-05 17:27:44.476] [INFO] OrderSummary panel shown for symbol: XAUUSD.s, Lots: 0,24, Percent: 25,54, Points: 234
[2025-08-05 17:27:45.469] [INFO] Found matching symbol: XAUUSD matches XAUUSD.s
[2025-08-05 17:27:45.476] [INFO] OrderSummary panel shown for symbol: XAUUSD.s, Lots: 0,24, Percent: 25,54, Points: 234
[2025-08-05 17:27:46.464] [INFO] Found matching symbol: XAUUSD matches XAUUSD.s
[2025-08-05 17:27:46.470] [INFO] OrderSummary panel shown for symbol: XAUUSD.s, Lots: 0,24, Percent: 25,65, Points: 236
[2025-08-05 17:27:47.473] [INFO] Found matching symbol: XAUUSD matches XAUUSD.s
[2025-08-05 17:27:47.480] [INFO] OrderSummary panel shown for symbol: XAUUSD.s, Lots: 0,24, Percent: 25, Points: 230
[2025-08-05 17:27:48.462] [INFO] Found matching symbol: XAUUSD matches XAUUSD.s
[2025-08-05 17:27:48.468] [INFO] OrderSummary panel shown for symbol: XAUUSD.s, Lots: 0,24, Percent: 25, Points: 230
[2025-08-05 17:27:49.467] [INFO] Found matching symbol: XAUUSD matches XAUUSD.s
[2025-08-05 17:27:49.473] [INFO] OrderSummary panel shown for symbol: XAUUSD.s, Lots: 0,24, Percent: 20,98, Points: 192
[2025-08-05 17:27:55.820] [INFO] SetSymbol called for XAUUSD, current broker: Forex
[2025-08-05 17:27:55.820] [INFO] Skipping open symbol command - Forex broker selected
[2025-08-05 17:27:55.821] [INFO] OrderSummary panel hidden
[2025-08-05 17:27:55.821] [INFO] Price display panel hidden
[2025-08-05 17:27:55.821] [INFO] Loaded settings for HandleID 262848: Risk=30, Duration=2, Broker=Forex
[2025-08-05 17:27:55.822] [INFO] SetSymbol called for XAUUSD, current broker: Forex
[2025-08-05 17:27:55.823] [INFO] Skipping open symbol command - Forex broker selected
[2025-08-05 17:27:55.823] [INFO] OrderSummary panel hidden
[2025-08-05 17:27:55.823] [INFO] Price display panel hidden
[2025-08-05 17:27:55.823] [INFO] Loaded settings for HandleID 262848: Risk=30, Duration=2, Broker=Forex
[2025-08-05 17:27:56.210] [INFO] SetSymbol called for XAUUSD, current broker: Forex
[2025-08-05 17:27:56.210] [INFO] Skipping open symbol command - Forex broker selected
[2025-08-05 17:27:56.210] [INFO] OrderSummary panel hidden
[2025-08-05 17:27:56.210] [INFO] Price display panel hidden
[2025-08-05 17:27:56.211] [INFO] Loaded settings for HandleID 262758: Risk=1, Duration=2, Broker=Forex
[2025-08-05 17:27:56.211] [INFO] SetSymbol called for XAUUSD, current broker: Forex
[2025-08-05 17:27:56.211] [INFO] Skipping open symbol command - Forex broker selected
[2025-08-05 17:27:56.211] [INFO] OrderSummary panel hidden
[2025-08-05 17:27:56.211] [INFO] Price display panel hidden
[2025-08-05 17:27:56.212] [INFO] Loaded settings for HandleID 262758: Risk=1, Duration=2, Broker=Forex
[2025-08-05 17:27:56.843] [INFO] SetSymbol called for XAUUSD, current broker: Forex
[2025-08-05 17:27:56.843] [INFO] Skipping open symbol command - Forex broker selected
[2025-08-05 17:27:56.843] [INFO] OrderSummary panel hidden
[2025-08-05 17:27:56.843] [INFO] Price display panel hidden
[2025-08-05 17:27:56.843] [INFO] Loaded settings for HandleID 262848: Risk=30, Duration=2, Broker=Forex
[2025-08-05 17:27:56.844] [INFO] SetSymbol called for XAUUSD, current broker: Forex
[2025-08-05 17:27:56.844] [INFO] Skipping open symbol command - Forex broker selected
[2025-08-05 17:27:56.844] [INFO] OrderSummary panel hidden
[2025-08-05 17:27:56.844] [INFO] Price display panel hidden
[2025-08-05 17:27:56.844] [INFO] Loaded settings for HandleID 262848: Risk=30, Duration=2, Broker=Forex
[2025-08-05 17:28:00.867] [INFO] SetSymbol called for XAUUSD, current broker: Forex
[2025-08-05 17:28:00.867] [INFO] Skipping open symbol command - Forex broker selected
[2025-08-05 17:28:00.867] [INFO] OrderSummary panel hidden
[2025-08-05 17:28:00.867] [INFO] Price display panel hidden
[2025-08-05 17:28:00.867] [INFO] Loaded settings for HandleID 262758: Risk=1, Duration=2, Broker=Forex
[2025-08-05 17:28:00.868] [INFO] SetSymbol called for XAUUSD, current broker: Forex
[2025-08-05 17:28:00.868] [INFO] Skipping open symbol command - Forex broker selected
[2025-08-05 17:28:00.868] [INFO] OrderSummary panel hidden
[2025-08-05 17:28:00.868] [INFO] Price display panel hidden
[2025-08-05 17:28:00.868] [INFO] Loaded settings for HandleID 262758: Risk=1, Duration=2, Broker=Forex
[2025-08-05 17:28:22.068] [INFO] SetSymbol called for XAUUSD, current broker: Forex
[2025-08-05 17:28:22.068] [INFO] Skipping open symbol command - Forex broker selected
[2025-08-05 17:28:22.069] [INFO] OrderSummary panel hidden
[2025-08-05 17:28:22.069] [INFO] Price display panel hidden
[2025-08-05 17:28:22.069] [INFO] Loaded settings for HandleID 262848: Risk=30, Duration=2, Broker=Forex
[2025-08-05 17:28:22.070] [INFO] SetSymbol called for XAUUSD, current broker: Forex
[2025-08-05 17:28:22.071] [INFO] Skipping open symbol command - Forex broker selected
[2025-08-05 17:28:22.071] [INFO] OrderSummary panel hidden
[2025-08-05 17:28:22.071] [INFO] Price display panel hidden
[2025-08-05 17:28:22.071] [INFO] Loaded settings for HandleID 262848: Risk=30, Duration=2, Broker=Forex
[2025-08-05 17:28:40.890] [INFO] SetSymbol called for XAUUSD, current broker: Forex
[2025-08-05 17:28:40.890] [INFO] Skipping open symbol command - Forex broker selected
[2025-08-05 17:28:40.890] [INFO] OrderSummary panel hidden
[2025-08-05 17:28:40.891] [INFO] Price display panel hidden
[2025-08-05 17:28:40.891] [INFO] Loaded settings for HandleID 262758: Risk=1, Duration=2, Broker=Forex
[2025-08-05 17:28:40.891] [INFO] SetSymbol called for XAUUSD, current broker: Forex
[2025-08-05 17:28:40.891] [INFO] Skipping open symbol command - Forex broker selected
[2025-08-05 17:28:40.891] [INFO] OrderSummary panel hidden
[2025-08-05 17:28:40.892] [INFO] Price display panel hidden
[2025-08-05 17:28:40.892] [INFO] Loaded settings for HandleID 262758: Risk=1, Duration=2, Broker=Forex
[2025-08-05 17:28:48.842] [INFO] SetSymbol called for XAUUSD, current broker: Forex
[2025-08-05 17:28:48.842] [INFO] Skipping open symbol command - Forex broker selected
[2025-08-05 17:28:48.843] [INFO] OrderSummary panel hidden
[2025-08-05 17:28:48.843] [INFO] Price display panel hidden
[2025-08-05 17:28:48.843] [INFO] Loaded settings for HandleID 262848: Risk=30, Duration=2, Broker=Forex
[2025-08-05 17:28:48.843] [INFO] SetSymbol called for XAUUSD, current broker: Forex
[2025-08-05 17:28:48.844] [INFO] Skipping open symbol command - Forex broker selected
[2025-08-05 17:28:48.844] [INFO] OrderSummary panel hidden
[2025-08-05 17:28:48.844] [INFO] Price display panel hidden
[2025-08-05 17:28:48.844] [INFO] Loaded settings for HandleID 262848: Risk=30, Duration=2, Broker=Forex
[2025-08-05 17:28:52.162] [INFO] SetSymbol called for XAUUSD, current broker: Forex
[2025-08-05 17:28:52.162] [INFO] Skipping open symbol command - Forex broker selected
[2025-08-05 17:28:52.163] [INFO] OrderSummary panel hidden
[2025-08-05 17:28:52.163] [INFO] Price display panel hidden
[2025-08-05 17:28:52.163] [INFO] Loaded settings for HandleID 262758: Risk=10, Duration=2, Broker=Forex
[2025-08-05 17:28:52.163] [INFO] SetSymbol called for XAUUSD, current broker: Forex
[2025-08-05 17:28:52.163] [INFO] Skipping open symbol command - Forex broker selected
[2025-08-05 17:28:52.164] [INFO] OrderSummary panel hidden
[2025-08-05 17:28:52.164] [INFO] Price display panel hidden
[2025-08-05 17:28:52.164] [INFO] Loaded settings for HandleID 262758: Risk=10, Duration=2, Broker=Forex
[2025-08-05 17:28:57.610] [INFO] SetSymbol called for XAUUSD, current broker: Forex
[2025-08-05 17:28:57.610] [INFO] Skipping open symbol command - Forex broker selected
[2025-08-05 17:28:57.611] [INFO] OrderSummary panel hidden
[2025-08-05 17:28:57.611] [INFO] Price display panel hidden
[2025-08-05 17:28:57.611] [INFO] Loaded settings for HandleID 262848: Risk=30, Duration=2, Broker=Forex
[2025-08-05 17:28:57.611] [INFO] SetSymbol called for XAUUSD, current broker: Forex
[2025-08-05 17:28:57.611] [INFO] Skipping open symbol command - Forex broker selected
[2025-08-05 17:28:57.612] [INFO] OrderSummary panel hidden
[2025-08-05 17:28:57.612] [INFO] Price display panel hidden
[2025-08-05 17:28:57.612] [INFO] Loaded settings for HandleID 262848: Risk=30, Duration=2, Broker=Forex
[2025-08-05 17:29:10.938] [INFO] SetSymbol called for XAUUSD, current broker: Forex
[2025-08-05 17:29:10.938] [INFO] Skipping open symbol command - Forex broker selected
[2025-08-05 17:29:10.938] [INFO] OrderSummary panel hidden
[2025-08-05 17:29:10.938] [INFO] Price display panel hidden
[2025-08-05 17:29:10.938] [INFO] Loaded settings for HandleID 262758: Risk=10, Duration=2, Broker=Forex
[2025-08-05 17:29:10.939] [INFO] SetSymbol called for XAUUSD, current broker: Forex
[2025-08-05 17:29:10.939] [INFO] Skipping open symbol command - Forex broker selected
[2025-08-05 17:29:10.939] [INFO] OrderSummary panel hidden
[2025-08-05 17:29:10.939] [INFO] Price display panel hidden
[2025-08-05 17:29:10.940] [INFO] Loaded settings for HandleID 262758: Risk=10, Duration=2, Broker=Forex
[2025-08-05 17:29:26.122] [INFO] SetSymbol called for XAUUSD, current broker: Forex
[2025-08-05 17:29:26.122] [INFO] Skipping open symbol command - Forex broker selected
[2025-08-05 17:29:26.122] [INFO] OrderSummary panel hidden
[2025-08-05 17:29:26.122] [INFO] Price display panel hidden
[2025-08-05 17:29:26.122] [INFO] Loaded settings for HandleID 262848: Risk=30, Duration=2, Broker=Forex
[2025-08-05 17:29:26.123] [INFO] SetSymbol called for XAUUSD, current broker: Forex
[2025-08-05 17:29:26.123] [INFO] Skipping open symbol command - Forex broker selected
[2025-08-05 17:29:26.123] [INFO] OrderSummary panel hidden
[2025-08-05 17:29:26.123] [INFO] Price display panel hidden
[2025-08-05 17:29:26.123] [INFO] Loaded settings for HandleID 262848: Risk=30, Duration=2, Broker=Forex
[2025-08-05 17:29:29.753] [INFO] SetSymbol called for XAUUSD, current broker: Forex
[2025-08-05 17:29:29.754] [INFO] Skipping open symbol command - Forex broker selected
[2025-08-05 17:29:29.754] [INFO] OrderSummary panel hidden
[2025-08-05 17:29:29.754] [INFO] Price display panel hidden
[2025-08-05 17:29:29.754] [INFO] Loaded settings for HandleID 262758: Risk=10, Duration=2, Broker=Forex
[2025-08-05 17:29:29.755] [INFO] SetSymbol called for XAUUSD, current broker: Forex
[2025-08-05 17:29:29.755] [INFO] Skipping open symbol command - Forex broker selected
[2025-08-05 17:29:29.755] [INFO] OrderSummary panel hidden
[2025-08-05 17:29:29.755] [INFO] Price display panel hidden
[2025-08-05 17:29:29.755] [INFO] Loaded settings for HandleID 262758: Risk=10, Duration=2, Broker=Forex
[2025-08-05 17:29:36.618] [INFO] SetSymbol called for XAUUSD, current broker: Forex
[2025-08-05 17:29:36.618] [INFO] Skipping open symbol command - Forex broker selected
[2025-08-05 17:29:36.618] [INFO] OrderSummary panel hidden
[2025-08-05 17:29:36.618] [INFO] Price display panel hidden
[2025-08-05 17:29:36.618] [INFO] Loaded settings for HandleID 262848: Risk=30, Duration=2, Broker=Forex
[2025-08-05 17:29:36.619] [INFO] SetSymbol called for XAUUSD, current broker: Forex
[2025-08-05 17:29:36.619] [INFO] Skipping open symbol command - Forex broker selected
[2025-08-05 17:29:36.619] [INFO] OrderSummary panel hidden
[2025-08-05 17:29:36.619] [INFO] Price display panel hidden
[2025-08-05 17:29:36.619] [INFO] Loaded settings for HandleID 262848: Risk=30, Duration=2, Broker=Forex
[2025-08-05 17:29:41.513] [INFO] SetSymbol called for XAUUSD, current broker: Forex
[2025-08-05 17:29:41.513] [INFO] Skipping open symbol command - Forex broker selected
[2025-08-05 17:29:41.513] [INFO] OrderSummary panel hidden
[2025-08-05 17:29:41.513] [INFO] Price display panel hidden
[2025-08-05 17:29:41.513] [INFO] Loaded settings for HandleID 262758: Risk=10, Duration=2, Broker=Forex
[2025-08-05 17:29:41.514] [INFO] SetSymbol called for XAUUSD, current broker: Forex
[2025-08-05 17:29:41.514] [INFO] Skipping open symbol command - Forex broker selected
[2025-08-05 17:29:41.514] [INFO] OrderSummary panel hidden
[2025-08-05 17:29:41.514] [INFO] Price display panel hidden
[2025-08-05 17:29:41.514] [INFO] Loaded settings for HandleID 262758: Risk=10, Duration=2, Broker=Forex
[2025-08-05 17:30:12.833] [INFO] SetSymbol called for XAUUSD, current broker: Forex
[2025-08-05 17:30:12.833] [INFO] Skipping open symbol command - Forex broker selected
[2025-08-05 17:30:12.833] [INFO] OrderSummary panel hidden
[2025-08-05 17:30:12.834] [INFO] Price display panel hidden
[2025-08-05 17:30:12.834] [INFO] Loaded settings for HandleID 262848: Risk=30, Duration=2, Broker=Forex
[2025-08-05 17:30:12.834] [INFO] SetSymbol called for XAUUSD, current broker: Forex
[2025-08-05 17:30:12.834] [INFO] Skipping open symbol command - Forex broker selected
[2025-08-05 17:30:12.834] [INFO] OrderSummary panel hidden
[2025-08-05 17:30:12.834] [INFO] Price display panel hidden
[2025-08-05 17:30:12.835] [INFO] Loaded settings for HandleID 262848: Risk=30, Duration=2, Broker=Forex
[2025-08-05 17:30:16.474] [INFO] SetSymbol called for XAUUSD, current broker: Forex
[2025-08-05 17:30:16.475] [INFO] Skipping open symbol command - Forex broker selected
[2025-08-05 17:30:16.475] [INFO] OrderSummary panel hidden
[2025-08-05 17:30:16.475] [INFO] Price display panel hidden
[2025-08-05 17:30:16.476] [INFO] Loaded settings for HandleID 262758: Risk=10, Duration=2, Broker=Forex
[2025-08-05 17:30:16.476] [INFO] SetSymbol called for XAUUSD, current broker: Forex
[2025-08-05 17:30:16.477] [INFO] Skipping open symbol command - Forex broker selected
[2025-08-05 17:30:16.477] [INFO] OrderSummary panel hidden
[2025-08-05 17:30:16.477] [INFO] Price display panel hidden
[2025-08-05 17:30:16.477] [INFO] Loaded settings for HandleID 262758: Risk=10, Duration=2, Broker=Forex
[2025-08-05 17:30:55.201] [INFO] SetSymbol called for XAUUSD, current broker: Forex
[2025-08-05 17:30:55.201] [INFO] Skipping open symbol command - Forex broker selected
[2025-08-05 17:30:55.201] [INFO] OrderSummary panel hidden
[2025-08-05 17:30:55.202] [INFO] Price display panel hidden
[2025-08-05 17:30:55.202] [INFO] Loaded settings for HandleID 262848: Risk=30, Duration=2, Broker=Forex
[2025-08-05 17:30:55.202] [INFO] SetSymbol called for XAUUSD, current broker: Forex
[2025-08-05 17:30:55.202] [INFO] Skipping open symbol command - Forex broker selected
[2025-08-05 17:30:55.203] [INFO] OrderSummary panel hidden
[2025-08-05 17:30:55.203] [INFO] Price display panel hidden
[2025-08-05 17:30:55.203] [INFO] Loaded settings for HandleID 262848: Risk=30, Duration=2, Broker=Forex
[2025-08-05 17:31:26.328] [INFO] SetSymbol called for XAUUSD, current broker: Forex
[2025-08-05 17:31:26.329] [INFO] Skipping open symbol command - Forex broker selected
[2025-08-05 17:31:26.329] [INFO] OrderSummary panel hidden
[2025-08-05 17:31:26.329] [INFO] Price display panel hidden
[2025-08-05 17:31:26.329] [INFO] Loaded settings for HandleID 262758: Risk=10, Duration=2, Broker=Forex
[2025-08-05 17:31:26.329] [INFO] SetSymbol called for XAUUSD, current broker: Forex
[2025-08-05 17:31:26.330] [INFO] Skipping open symbol command - Forex broker selected
[2025-08-05 17:31:26.330] [INFO] OrderSummary panel hidden
[2025-08-05 17:31:26.330] [INFO] Price display panel hidden
[2025-08-05 17:31:26.330] [INFO] Loaded settings for HandleID 262758: Risk=10, Duration=2, Broker=Forex
[2025-08-05 17:36:07.495] [INFO] SetSymbol called for XAUUSD, current broker: Forex
[2025-08-05 17:36:07.496] [INFO] Skipping open symbol command - Forex broker selected
[2025-08-05 17:36:07.496] [INFO] OrderSummary panel hidden
[2025-08-05 17:36:07.496] [INFO] Price display panel hidden
[2025-08-05 17:36:07.496] [INFO] Loaded settings for HandleID 262848: Risk=30, Duration=2, Broker=Forex
[2025-08-05 17:36:07.497] [INFO] SetSymbol called for XAUUSD, current broker: Forex
[2025-08-05 17:36:07.497] [INFO] Skipping open symbol command - Forex broker selected
[2025-08-05 17:36:07.498] [INFO] OrderSummary panel hidden
[2025-08-05 17:36:07.498] [INFO] Price display panel hidden
[2025-08-05 17:36:07.498] [INFO] Loaded settings for HandleID 262848: Risk=30, Duration=2, Broker=Forex
[2025-08-05 17:36:18.509] [INFO] SetSymbol called for XAUUSD, current broker: Forex
[2025-08-05 17:36:18.509] [INFO] Skipping open symbol command - Forex broker selected
[2025-08-05 17:36:18.509] [INFO] OrderSummary panel hidden
[2025-08-05 17:36:18.509] [INFO] Price display panel hidden
[2025-08-05 17:36:18.509] [INFO] Loaded settings for HandleID 262758: Risk=10, Duration=2, Broker=Forex
[2025-08-05 17:36:18.510] [INFO] SetSymbol called for XAUUSD, current broker: Forex
[2025-08-05 17:36:18.510] [INFO] Skipping open symbol command - Forex broker selected
[2025-08-05 17:36:18.510] [INFO] OrderSummary panel hidden
[2025-08-05 17:36:18.510] [INFO] Price display panel hidden
[2025-08-05 17:36:18.510] [INFO] Loaded settings for HandleID 262758: Risk=10, Duration=2, Broker=Forex
[2025-08-05 17:36:28.365] [INFO] SetSymbol called for XAUUSD, current broker: Forex
[2025-08-05 17:36:28.365] [INFO] Skipping open symbol command - Forex broker selected
[2025-08-05 17:36:28.365] [INFO] OrderSummary panel hidden
[2025-08-05 17:36:28.365] [INFO] Price display panel hidden
[2025-08-05 17:36:28.366] [INFO] Loaded settings for HandleID 262848: Risk=30, Duration=2, Broker=Forex
[2025-08-05 17:36:28.366] [INFO] SetSymbol called for XAUUSD, current broker: Forex
[2025-08-05 17:36:28.366] [INFO] Skipping open symbol command - Forex broker selected
[2025-08-05 17:36:28.366] [INFO] OrderSummary panel hidden
[2025-08-05 17:36:28.366] [INFO] Price display panel hidden
[2025-08-05 17:36:28.366] [INFO] Loaded settings for HandleID 262848: Risk=30, Duration=2, Broker=Forex
[2025-08-05 17:36:32.245] [INFO] SetSymbol called for XAUUSD, current broker: Forex
[2025-08-05 17:36:32.245] [INFO] Skipping open symbol command - Forex broker selected
[2025-08-05 17:36:32.245] [INFO] OrderSummary panel hidden
[2025-08-05 17:36:32.246] [INFO] Price display panel hidden
[2025-08-05 17:36:32.246] [INFO] Loaded settings for HandleID 262758: Risk=10, Duration=2, Broker=Forex
[2025-08-05 17:36:32.246] [INFO] SetSymbol called for XAUUSD, current broker: Forex
[2025-08-05 17:36:32.246] [INFO] Skipping open symbol command - Forex broker selected
[2025-08-05 17:36:32.247] [INFO] OrderSummary panel hidden
[2025-08-05 17:36:32.247] [INFO] Price display panel hidden
[2025-08-05 17:36:32.247] [INFO] Loaded settings for HandleID 262758: Risk=10, Duration=2, Broker=Forex
[2025-08-05 17:36:32.793] [INFO] Price display panel hidden
[2025-08-05 17:36:32.794] [INFO] Price display panel hidden
[2025-08-05 17:36:32.929] [INFO] Price display panel hidden
[2025-08-05 17:36:32.930] [INFO] Price display panel hidden
[2025-08-05 17:36:38.027] [INFO] Found matching symbol: XAUUSD matches XAUUSD.s
[2025-08-05 17:36:38.046] [INFO] OrderSummary panel shown for symbol: XAUUSD.s, Lots: 0,09, Percent: -0,93, Points: -26
[2025-08-05 17:36:39.031] [INFO] Found matching symbol: XAUUSD matches XAUUSD.s
[2025-08-05 17:36:39.038] [INFO] OrderSummary panel shown for symbol: XAUUSD.s, Lots: 0,09, Percent: -1,04, Points: -30
[2025-08-05 17:36:39.453] [INFO] SetSymbol called for XAUUSD, current broker: Forex
[2025-08-05 17:36:39.453] [INFO] Skipping open symbol command - Forex broker selected
[2025-08-05 17:36:39.453] [INFO] OrderSummary panel hidden
[2025-08-05 17:36:39.453] [INFO] Price display panel hidden
[2025-08-05 17:36:39.454] [INFO] Loaded settings for HandleID 262848: Risk=30, Duration=2, Broker=Forex
[2025-08-05 17:36:39.454] [INFO] SetSymbol called for XAUUSD, current broker: Forex
[2025-08-05 17:36:39.454] [INFO] Skipping open symbol command - Forex broker selected
[2025-08-05 17:36:39.454] [INFO] OrderSummary panel hidden
[2025-08-05 17:36:39.454] [INFO] Price display panel hidden
[2025-08-05 17:36:39.454] [INFO] Loaded settings for HandleID 262848: Risk=30, Duration=2, Broker=Forex
[2025-08-05 17:36:40.030] [INFO] Found matching symbol: XAUUSD matches XAUUSD.s
[2025-08-05 17:36:40.054] [INFO] OrderSummary panel shown for symbol: XAUUSD.s, Lots: 0,09, Percent: -1,04, Points: -30
[2025-08-05 17:36:41.025] [INFO] Found matching symbol: XAUUSD matches XAUUSD.s
[2025-08-05 17:36:41.032] [INFO] OrderSummary panel shown for symbol: XAUUSD.s, Lots: 0,09, Percent: -1,04, Points: -30
[2025-08-05 17:36:42.038] [INFO] Found matching symbol: XAUUSD matches XAUUSD.s
[2025-08-05 17:36:42.046] [INFO] OrderSummary panel shown for symbol: XAUUSD.s, Lots: 0,09, Percent: -1,04, Points: -30
[2025-08-05 17:36:43.028] [INFO] Found matching symbol: XAUUSD matches XAUUSD.s
[2025-08-05 17:36:43.041] [INFO] OrderSummary panel shown for symbol: XAUUSD.s, Lots: 0,09, Percent: -1,04, Points: -30
[2025-08-05 17:36:44.027] [INFO] Found matching symbol: XAUUSD matches XAUUSD.s
[2025-08-05 17:36:44.034] [INFO] OrderSummary panel shown for symbol: XAUUSD.s, Lots: 0,09, Percent: -1,04, Points: -30
[2025-08-05 17:36:45.039] [INFO] Found matching symbol: XAUUSD matches XAUUSD.s
[2025-08-05 17:36:45.052] [INFO] OrderSummary panel shown for symbol: XAUUSD.s, Lots: 0,09, Percent: -1,04, Points: -30
[2025-08-05 17:36:46.029] [INFO] Found matching symbol: XAUUSD matches XAUUSD.s
[2025-08-05 17:36:46.035] [INFO] OrderSummary panel shown for symbol: XAUUSD.s, Lots: 0,09, Percent: -1,04, Points: -30
[2025-08-05 17:36:47.035] [INFO] Found matching symbol: XAUUSD matches XAUUSD.s
[2025-08-05 17:36:47.048] [INFO] OrderSummary panel shown for symbol: XAUUSD.s, Lots: 0,09, Percent: -1,04, Points: -30
[2025-08-05 17:36:48.029] [INFO] Found matching symbol: XAUUSD matches XAUUSD.s
[2025-08-05 17:36:48.041] [INFO] OrderSummary panel shown for symbol: XAUUSD.s, Lots: 0,09, Percent: -1,04, Points: -30
[2025-08-05 17:36:49.030] [INFO] Found matching symbol: XAUUSD matches XAUUSD.s
[2025-08-05 17:36:49.043] [INFO] OrderSummary panel shown for symbol: XAUUSD.s, Lots: 0,09, Percent: -1,04, Points: -30
[2025-08-05 17:36:50.031] [INFO] Found matching symbol: XAUUSD matches XAUUSD.s
[2025-08-05 17:36:50.037] [INFO] OrderSummary panel shown for symbol: XAUUSD.s, Lots: 0,09, Percent: -0,69, Points: -20
[2025-08-05 17:36:51.035] [INFO] Found matching symbol: XAUUSD matches XAUUSD.s
[2025-08-05 17:36:51.050] [INFO] OrderSummary panel shown for symbol: XAUUSD.s, Lots: 0,09, Percent: -1,28, Points: -36
[2025-08-05 17:36:52.032] [INFO] Found matching symbol: XAUUSD matches XAUUSD.s
[2025-08-05 17:36:52.049] [INFO] OrderSummary panel shown for symbol: XAUUSD.s, Lots: 0,09, Percent: -1,14, Points: -32
[2025-08-05 17:36:53.044] [INFO] Found matching symbol: XAUUSD matches XAUUSD.s
[2025-08-05 17:36:53.055] [INFO] OrderSummary panel shown for symbol: XAUUSD.s, Lots: 0,09, Percent: 0,35, Points: 9
[2025-08-05 17:36:54.024] [INFO] Found matching symbol: XAUUSD matches XAUUSD.s
[2025-08-05 17:36:54.030] [INFO] OrderSummary panel shown for symbol: XAUUSD.s, Lots: 0,09, Percent: 0,52, Points: 15
[2025-08-05 17:36:54.137] [INFO] Price display panel hidden
[2025-08-05 17:36:54.138] [INFO] Price display panel hidden
[2025-08-05 17:36:54.297] [INFO] Price display panel hidden
[2025-08-05 17:36:54.299] [INFO] Price display panel hidden
[2025-08-05 17:36:55.036] [INFO] Found matching symbol: XAUUSD matches XAUUSD.s
[2025-08-05 17:36:55.042] [INFO] OrderSummary panel shown for symbol: XAUUSD.s, Lots: 0,09, Percent: 1,28, Points: 36
[2025-08-05 17:36:56.034] [INFO] Found matching symbol: XAUUSD matches XAUUSD.s
[2025-08-05 17:36:56.042] [INFO] OrderSummary panel shown for symbol: XAUUSD.s, Lots: 0,09, Percent: 1,04, Points: 29
[2025-08-05 17:36:56.173] [INFO] Sent close_positions command for XAUUSD.s
[2025-08-05 17:36:56.487] [INFO] No matching symbol found for XAUUSD
[2025-08-05 17:36:56.491] [INFO] OrderSummary panel hidden
[2025-08-05 17:36:57.233] [INFO] Price display panel hidden
[2025-08-05 17:36:57.234] [INFO] Price display panel hidden
[2025-08-05 17:36:57.377] [INFO] Price display panel hidden
[2025-08-05 17:36:57.377] [INFO] Price display panel hidden
[2025-08-05 17:36:57.529] [INFO] Price display panel hidden
[2025-08-05 17:36:57.529] [INFO] Price display panel hidden
[2025-08-05 17:36:59.305] [INFO] Price display panel hidden
[2025-08-05 17:36:59.306] [INFO] Price display panel hidden
[2025-08-05 17:36:59.449] [INFO] Price display panel hidden
[2025-08-05 17:36:59.450] [INFO] Price display panel hidden
[2025-08-05 17:37:01.217] [INFO] Price display panel hidden
[2025-08-05 17:37:01.218] [INFO] Price display panel hidden
[2025-08-05 17:37:01.369] [INFO] Price display panel hidden
[2025-08-05 17:37:01.370] [INFO] Price display panel hidden
[2025-08-05 17:37:16.247] [INFO] TradingToolbar instance 2 created
[2025-08-05 17:37:16.247] [INFO] ToolbarSettingsManager initialized successfully
[2025-08-05 17:37:16.247] [INFO] ToastNotifyService initialized successfully
[2025-08-05 17:37:16.449] [INFO] Loaded settings for HandleID 262848: Risk=30, Duration=2, Broker=Forex
[2025-08-05 17:37:20.672] [INFO] Price display panel hidden
[2025-08-05 17:37:20.734] [INFO] Price display panel hidden
[2025-08-05 17:37:22.113] [INFO] TradingToolbar instance 3 created
[2025-08-05 17:37:22.113] [INFO] ToolbarSettingsManager initialized successfully
[2025-08-05 17:37:22.113] [INFO] ToastNotifyService initialized successfully
[2025-08-05 17:37:22.255] [INFO] Loaded settings for HandleID 262848: Risk=30, Duration=2, Broker=Forex
[2025-08-05 17:37:43.056] [INFO] Price display panel hidden
[2025-08-05 17:37:43.116] [INFO] Price display panel hidden
[2025-08-05 17:37:56.741] [INFO] SetSymbol called for XAUUSD, current broker: Forex
[2025-08-05 17:37:56.741] [INFO] Skipping open symbol command - Forex broker selected
[2025-08-05 17:37:56.742] [INFO] OrderSummary panel hidden
[2025-08-05 17:37:56.742] [INFO] Price display panel hidden
[2025-08-05 17:37:56.742] [INFO] Loaded settings for HandleID 262758: Risk=10, Duration=2, Broker=Forex
[2025-08-05 17:37:56.743] [INFO] SetSymbol called for XAUUSD, current broker: Forex
[2025-08-05 17:37:56.743] [INFO] Skipping open symbol command - Forex broker selected
[2025-08-05 17:37:56.743] [INFO] OrderSummary panel hidden
[2025-08-05 17:37:56.743] [INFO] Price display panel hidden
[2025-08-05 17:37:56.743] [INFO] Loaded settings for HandleID 262758: Risk=10, Duration=2, Broker=Forex
[2025-08-05 17:38:09.053] [INFO] Found matching symbol: XAUUSD matches XAUUSD.s
[2025-08-05 17:38:09.061] [INFO] OrderSummary panel shown for symbol: XAUUSD.s, Lots: 0,1, Percent: -1,18, Points: -30
[2025-08-05 17:38:09.061] [INFO] OrderSummary panel hidden
[2025-08-05 17:38:09.062] [INFO] OrderSummary panel hidden
[2025-08-05 17:38:09.637] [INFO] SetSymbol called for XAUUSD, current broker: Forex
[2025-08-05 17:38:09.637] [INFO] Skipping open symbol command - Forex broker selected
[2025-08-05 17:38:09.637] [INFO] OrderSummary panel hidden
[2025-08-05 17:38:09.637] [INFO] Price display panel hidden
[2025-08-05 17:38:09.637] [INFO] Loaded settings for HandleID 262848: Risk=30, Duration=2, Broker=Forex
[2025-08-05 17:38:09.638] [INFO] SetSymbol called for XAUUSD, current broker: Forex
[2025-08-05 17:38:09.638] [INFO] Skipping open symbol command - Forex broker selected
[2025-08-05 17:38:09.638] [INFO] OrderSummary panel hidden
[2025-08-05 17:38:09.638] [INFO] Price display panel hidden
[2025-08-05 17:38:09.638] [INFO] Loaded settings for HandleID 262848: Risk=30, Duration=2, Broker=Forex
[2025-08-05 17:38:10.048] [INFO] Found matching symbol: XAUUSD matches XAUUSD.s
[2025-08-05 17:38:10.056] [INFO] OrderSummary panel shown for symbol: XAUUSD.s, Lots: 0,1, Percent: -1,8, Points: -46
[2025-08-05 17:38:10.057] [INFO] OrderSummary panel hidden
[2025-08-05 17:38:10.057] [INFO] OrderSummary panel hidden
[2025-08-05 17:38:11.054] [INFO] Found matching symbol: XAUUSD matches XAUUSD.s
[2025-08-05 17:38:11.061] [INFO] OrderSummary panel shown for symbol: XAUUSD.s, Lots: 0,1, Percent: -1,72, Points: -44
[2025-08-05 17:38:11.061] [INFO] OrderSummary panel hidden
[2025-08-05 17:38:11.061] [INFO] OrderSummary panel hidden
[2025-08-05 17:38:12.068] [INFO] Found matching symbol: XAUUSD matches XAUUSD.s
[2025-08-05 17:38:12.074] [INFO] OrderSummary panel shown for symbol: XAUUSD.s, Lots: 0,1, Percent: -1,38, Points: -36
[2025-08-05 17:38:12.076] [INFO] OrderSummary panel hidden
[2025-08-05 17:38:12.076] [INFO] OrderSummary panel hidden
[2025-08-05 17:38:13.044] [INFO] Found matching symbol: XAUUSD matches XAUUSD.s
[2025-08-05 17:38:13.051] [INFO] OrderSummary panel shown for symbol: XAUUSD.s, Lots: 0,1, Percent: -1,3, Points: -34
[2025-08-05 17:38:13.051] [INFO] OrderSummary panel hidden
[2025-08-05 17:38:13.052] [INFO] OrderSummary panel hidden
[2025-08-05 17:38:14.044] [INFO] Found matching symbol: XAUUSD matches XAUUSD.s
[2025-08-05 17:38:14.053] [INFO] OrderSummary panel shown for symbol: XAUUSD.s, Lots: 0,1, Percent: -1,3, Points: -34
[2025-08-05 17:38:14.054] [INFO] OrderSummary panel hidden
[2025-08-05 17:38:14.054] [INFO] OrderSummary panel hidden
[2025-08-05 17:38:15.042] [INFO] Found matching symbol: XAUUSD matches XAUUSD.s
[2025-08-05 17:38:15.052] [INFO] OrderSummary panel shown for symbol: XAUUSD.s, Lots: 0,1, Percent: -0,92, Points: -23
[2025-08-05 17:38:15.052] [INFO] OrderSummary panel hidden
[2025-08-05 17:38:15.053] [INFO] OrderSummary panel hidden
[2025-08-05 17:38:16.043] [INFO] Found matching symbol: XAUUSD matches XAUUSD.s
[2025-08-05 17:38:16.055] [INFO] OrderSummary panel shown for symbol: XAUUSD.s, Lots: 0,1, Percent: -1,07, Points: -28
[2025-08-05 17:38:16.058] [INFO] OrderSummary panel hidden
[2025-08-05 17:38:16.058] [INFO] OrderSummary panel hidden
[2025-08-05 17:38:16.860] [INFO] SetSymbol called for XAUUSD, current broker: Forex
[2025-08-05 17:38:16.860] [INFO] Skipping open symbol command - Forex broker selected
[2025-08-05 17:38:16.861] [INFO] OrderSummary panel hidden
[2025-08-05 17:38:16.861] [INFO] Price display panel hidden
[2025-08-05 17:38:16.861] [INFO] Loaded settings for HandleID 262758: Risk=10, Duration=2, Broker=Forex
[2025-08-05 17:38:16.861] [INFO] SetSymbol called for XAUUSD, current broker: Forex
[2025-08-05 17:38:16.861] [INFO] Skipping open symbol command - Forex broker selected
[2025-08-05 17:38:16.862] [INFO] OrderSummary panel hidden
[2025-08-05 17:38:16.862] [INFO] Price display panel hidden
[2025-08-05 17:38:16.862] [INFO] Loaded settings for HandleID 262758: Risk=10, Duration=2, Broker=Forex
[2025-08-05 17:38:17.049] [INFO] Found matching symbol: XAUUSD matches XAUUSD.s
[2025-08-05 17:38:17.056] [INFO] OrderSummary panel shown for symbol: XAUUSD.s, Lots: 0,1, Percent: -1,15, Points: -30
[2025-08-05 17:38:17.058] [INFO] OrderSummary panel hidden
[2025-08-05 17:38:17.058] [INFO] OrderSummary panel hidden
[2025-08-05 17:38:18.039] [INFO] Found matching symbol: XAUUSD matches XAUUSD.s
[2025-08-05 17:38:18.045] [INFO] OrderSummary panel shown for symbol: XAUUSD.s, Lots: 0,1, Percent: -0,96, Points: -25
[2025-08-05 17:38:18.047] [INFO] OrderSummary panel hidden
[2025-08-05 17:38:18.047] [INFO] OrderSummary panel hidden
[2025-08-05 17:38:19.044] [INFO] Found matching symbol: XAUUSD matches XAUUSD.s
[2025-08-05 17:38:19.053] [INFO] OrderSummary panel shown for symbol: XAUUSD.s, Lots: 0,1, Percent: -1,07, Points: -28
[2025-08-05 17:38:19.054] [INFO] OrderSummary panel hidden
[2025-08-05 17:38:19.054] [INFO] OrderSummary panel hidden
[2025-08-05 17:38:20.053] [INFO] Found matching symbol: XAUUSD matches XAUUSD.s
[2025-08-05 17:38:20.060] [INFO] OrderSummary panel shown for symbol: XAUUSD.s, Lots: 0,1, Percent: -1,07, Points: -28
[2025-08-05 17:38:20.060] [INFO] OrderSummary panel hidden
[2025-08-05 17:38:20.060] [INFO] OrderSummary panel hidden
[2025-08-05 17:38:21.047] [INFO] Found matching symbol: XAUUSD matches XAUUSD.s
[2025-08-05 17:38:21.054] [INFO] OrderSummary panel shown for symbol: XAUUSD.s, Lots: 0,1, Percent: -1,41, Points: -36
[2025-08-05 17:38:21.056] [INFO] OrderSummary panel hidden
[2025-08-05 17:38:21.056] [INFO] OrderSummary panel hidden
[2025-08-05 17:38:22.050] [INFO] Found matching symbol: XAUUSD matches XAUUSD.s
[2025-08-05 17:38:22.056] [INFO] OrderSummary panel shown for symbol: XAUUSD.s, Lots: 0,1, Percent: -1,45, Points: -38
[2025-08-05 17:38:22.057] [INFO] OrderSummary panel hidden
[2025-08-05 17:38:22.057] [INFO] OrderSummary panel hidden
[2025-08-05 17:38:23.053] [INFO] Found matching symbol: XAUUSD matches XAUUSD.s
[2025-08-05 17:38:23.060] [INFO] OrderSummary panel shown for symbol: XAUUSD.s, Lots: 0,1, Percent: -1,76, Points: -46
[2025-08-05 17:38:23.060] [INFO] OrderSummary panel hidden
[2025-08-05 17:38:23.060] [INFO] OrderSummary panel hidden
[2025-08-05 17:38:24.050] [INFO] Found matching symbol: XAUUSD matches XAUUSD.s
[2025-08-05 17:38:24.063] [INFO] OrderSummary panel shown for symbol: XAUUSD.s, Lots: 0,1, Percent: -1,76, Points: -46
[2025-08-05 17:38:24.063] [INFO] OrderSummary panel hidden
[2025-08-05 17:38:24.063] [INFO] OrderSummary panel hidden
[2025-08-05 17:38:25.050] [INFO] Found matching symbol: XAUUSD matches XAUUSD.s
[2025-08-05 17:38:25.056] [INFO] OrderSummary panel shown for symbol: XAUUSD.s, Lots: 0,1, Percent: -1,53, Points: -40
[2025-08-05 17:38:25.057] [INFO] OrderSummary panel hidden
[2025-08-05 17:38:25.058] [INFO] OrderSummary panel hidden
[2025-08-05 17:38:26.055] [INFO] Found matching symbol: XAUUSD matches XAUUSD.s
[2025-08-05 17:38:26.067] [INFO] OrderSummary panel shown for symbol: XAUUSD.s, Lots: 0,1, Percent: -2,25, Points: -59
[2025-08-05 17:38:26.068] [INFO] OrderSummary panel hidden
[2025-08-05 17:38:26.068] [INFO] OrderSummary panel hidden
[2025-08-05 17:38:27.047] [INFO] Found matching symbol: XAUUSD matches XAUUSD.s
[2025-08-05 17:38:27.054] [INFO] OrderSummary panel shown for symbol: XAUUSD.s, Lots: 0,1, Percent: -2,18, Points: -57
[2025-08-05 17:38:27.054] [INFO] OrderSummary panel hidden
[2025-08-05 17:38:27.054] [INFO] OrderSummary panel hidden
[2025-08-05 17:38:28.040] [INFO] Found matching symbol: XAUUSD matches XAUUSD.s
[2025-08-05 17:38:28.046] [INFO] OrderSummary panel shown for symbol: XAUUSD.s, Lots: 0,1, Percent: -2,22, Points: -57
[2025-08-05 17:38:28.047] [INFO] OrderSummary panel hidden
[2025-08-05 17:38:28.047] [INFO] OrderSummary panel hidden
[2025-08-05 17:38:29.046] [INFO] Found matching symbol: XAUUSD matches XAUUSD.s
[2025-08-05 17:38:29.052] [INFO] OrderSummary panel shown for symbol: XAUUSD.s, Lots: 0,1, Percent: -2,25, Points: -59
[2025-08-05 17:38:29.053] [INFO] OrderSummary panel hidden
[2025-08-05 17:38:29.053] [INFO] OrderSummary panel hidden
[2025-08-05 17:38:30.050] [INFO] Found matching symbol: XAUUSD matches XAUUSD.s
[2025-08-05 17:38:30.057] [INFO] OrderSummary panel shown for symbol: XAUUSD.s, Lots: 0,1, Percent: -2,06, Points: -53
[2025-08-05 17:38:30.059] [INFO] OrderSummary panel hidden
[2025-08-05 17:38:30.059] [INFO] OrderSummary panel hidden
[2025-08-05 17:38:31.053] [INFO] Found matching symbol: XAUUSD matches XAUUSD.s
[2025-08-05 17:38:31.060] [INFO] OrderSummary panel shown for symbol: XAUUSD.s, Lots: 0,1, Percent: -2,06, Points: -53
[2025-08-05 17:38:31.061] [INFO] OrderSummary panel hidden
[2025-08-05 17:38:31.061] [INFO] OrderSummary panel hidden
[2025-08-05 17:38:32.045] [INFO] Found matching symbol: XAUUSD matches XAUUSD.s
[2025-08-05 17:38:32.053] [INFO] OrderSummary panel shown for symbol: XAUUSD.s, Lots: 0,1, Percent: -1,95, Points: -51
[2025-08-05 17:38:32.053] [INFO] OrderSummary panel hidden
[2025-08-05 17:38:32.053] [INFO] OrderSummary panel hidden
[2025-08-05 17:38:33.042] [INFO] Found matching symbol: XAUUSD matches XAUUSD.s
[2025-08-05 17:38:33.055] [INFO] OrderSummary panel shown for symbol: XAUUSD.s, Lots: 0,1, Percent: -2,02, Points: -53
[2025-08-05 17:38:33.055] [INFO] OrderSummary panel hidden
[2025-08-05 17:38:33.056] [INFO] OrderSummary panel hidden
[2025-08-05 17:38:34.043] [INFO] Found matching symbol: XAUUSD matches XAUUSD.s
[2025-08-05 17:38:34.049] [INFO] OrderSummary panel shown for symbol: XAUUSD.s, Lots: 0,1, Percent: -2,14, Points: -55
[2025-08-05 17:38:34.050] [INFO] OrderSummary panel hidden
[2025-08-05 17:38:34.050] [INFO] OrderSummary panel hidden
[2025-08-05 17:38:35.055] [INFO] Found matching symbol: XAUUSD matches XAUUSD.s
[2025-08-05 17:38:35.062] [INFO] OrderSummary panel shown for symbol: XAUUSD.s, Lots: 0,1, Percent: -2,25, Points: -59
[2025-08-05 17:38:35.062] [INFO] OrderSummary panel hidden
[2025-08-05 17:38:35.062] [INFO] OrderSummary panel hidden
[2025-08-05 17:38:36.048] [INFO] Found matching symbol: XAUUSD matches XAUUSD.s
[2025-08-05 17:38:36.055] [INFO] OrderSummary panel shown for symbol: XAUUSD.s, Lots: 0,1, Percent: -2,14, Points: -55
[2025-08-05 17:38:36.055] [INFO] OrderSummary panel hidden
[2025-08-05 17:38:36.056] [INFO] OrderSummary panel hidden
[2025-08-05 17:38:37.051] [INFO] Found matching symbol: XAUUSD matches XAUUSD.s
[2025-08-05 17:38:37.059] [INFO] OrderSummary panel shown for symbol: XAUUSD.s, Lots: 0,1, Percent: -1,45, Points: -38
[2025-08-05 17:38:37.060] [INFO] OrderSummary panel hidden
[2025-08-05 17:38:37.060] [INFO] OrderSummary panel hidden
[2025-08-05 17:38:38.051] [INFO] Found matching symbol: XAUUSD matches XAUUSD.s
[2025-08-05 17:38:38.059] [INFO] OrderSummary panel shown for symbol: XAUUSD.s, Lots: 0,1, Percent: -0,96, Points: -25
[2025-08-05 17:38:38.059] [INFO] OrderSummary panel hidden
[2025-08-05 17:38:38.060] [INFO] OrderSummary panel hidden
[2025-08-05 17:38:39.042] [INFO] Found matching symbol: XAUUSD matches XAUUSD.s
[2025-08-05 17:38:39.050] [INFO] OrderSummary panel shown for symbol: XAUUSD.s, Lots: 0,1, Percent: -0,61, Points: -15
[2025-08-05 17:38:39.050] [INFO] OrderSummary panel hidden
[2025-08-05 17:38:39.050] [INFO] OrderSummary panel hidden
[2025-08-05 17:38:40.053] [INFO] Found matching symbol: XAUUSD matches XAUUSD.s
[2025-08-05 17:38:40.060] [INFO] OrderSummary panel shown for symbol: XAUUSD.s, Lots: 0,1, Percent: -0,73, Points: -19
[2025-08-05 17:38:40.061] [INFO] OrderSummary panel hidden
[2025-08-05 17:38:40.061] [INFO] OrderSummary panel hidden
[2025-08-05 17:38:41.072] [INFO] Found matching symbol: XAUUSD matches XAUUSD.s
[2025-08-05 17:38:41.079] [INFO] OrderSummary panel shown for symbol: XAUUSD.s, Lots: 0,1, Percent: -0,15, Points: -3
[2025-08-05 17:38:41.079] [INFO] OrderSummary panel hidden
[2025-08-05 17:38:41.080] [INFO] OrderSummary panel hidden
[2025-08-05 17:38:42.045] [INFO] Found matching symbol: XAUUSD matches XAUUSD.s
[2025-08-05 17:38:42.052] [INFO] OrderSummary panel shown for symbol: XAUUSD.s, Lots: 0,1, Percent: -0,11, Points: -3
[2025-08-05 17:38:42.053] [INFO] OrderSummary panel hidden
[2025-08-05 17:38:42.053] [INFO] OrderSummary panel hidden
[2025-08-05 17:38:43.048] [INFO] Found matching symbol: XAUUSD matches XAUUSD.s
[2025-08-05 17:38:43.061] [INFO] OrderSummary panel shown for symbol: XAUUSD.s, Lots: 0,1, Percent: -0,19, Points: -5
[2025-08-05 17:38:43.062] [INFO] OrderSummary panel hidden
[2025-08-05 17:38:43.062] [INFO] OrderSummary panel hidden
[2025-08-05 17:38:44.051] [INFO] Found matching symbol: XAUUSD matches XAUUSD.s
[2025-08-05 17:38:44.064] [INFO] OrderSummary panel shown for symbol: XAUUSD.s, Lots: 0,1, Percent: -0,27, Points: -7
[2025-08-05 17:38:44.064] [INFO] OrderSummary panel hidden
[2025-08-05 17:38:44.065] [INFO] OrderSummary panel hidden
[2025-08-05 17:38:45.038] [INFO] Found matching symbol: XAUUSD matches XAUUSD.s
[2025-08-05 17:38:45.045] [INFO] OrderSummary panel shown for symbol: XAUUSD.s, Lots: 0,1, Percent: -0,5, Points: -13
[2025-08-05 17:38:45.047] [INFO] OrderSummary panel hidden
[2025-08-05 17:38:45.047] [INFO] OrderSummary panel hidden
[2025-08-05 17:38:46.049] [INFO] Found matching symbol: XAUUSD matches XAUUSD.s
[2025-08-05 17:38:46.056] [INFO] OrderSummary panel shown for symbol: XAUUSD.s, Lots: 0,1, Percent: -0,53, Points: -13
[2025-08-05 17:38:46.056] [INFO] OrderSummary panel hidden
[2025-08-05 17:38:46.056] [INFO] OrderSummary panel hidden
[2025-08-05 17:38:47.049] [INFO] Found matching symbol: XAUUSD matches XAUUSD.s
[2025-08-05 17:38:47.063] [INFO] OrderSummary panel shown for symbol: XAUUSD.s, Lots: 0,1, Percent: -0,53, Points: -13
[2025-08-05 17:38:47.063] [INFO] OrderSummary panel hidden
[2025-08-05 17:38:47.064] [INFO] OrderSummary panel hidden
[2025-08-05 17:38:48.051] [INFO] Found matching symbol: XAUUSD matches XAUUSD.s
[2025-08-05 17:38:48.061] [INFO] OrderSummary panel shown for symbol: XAUUSD.s, Lots: 0,1, Percent: -0,46, Points: -11
[2025-08-05 17:38:48.061] [INFO] OrderSummary panel hidden
[2025-08-05 17:38:48.062] [INFO] OrderSummary panel hidden
[2025-08-05 17:38:49.048] [INFO] Found matching symbol: XAUUSD matches XAUUSD.s
[2025-08-05 17:38:49.056] [INFO] OrderSummary panel shown for symbol: XAUUSD.s, Lots: 0,1, Percent: -0,61, Points: -15
[2025-08-05 17:38:49.056] [INFO] OrderSummary panel hidden
[2025-08-05 17:38:49.058] [INFO] OrderSummary panel hidden
[2025-08-05 17:38:50.049] [INFO] Found matching symbol: XAUUSD matches XAUUSD.s
[2025-08-05 17:38:50.056] [INFO] OrderSummary panel shown for symbol: XAUUSD.s, Lots: 0,1, Percent: -1,03, Points: -26
[2025-08-05 17:38:50.057] [INFO] OrderSummary panel hidden
[2025-08-05 17:38:50.057] [INFO] OrderSummary panel hidden
[2025-08-05 17:38:51.061] [INFO] Found matching symbol: XAUUSD matches XAUUSD.s
[2025-08-05 17:38:51.067] [INFO] OrderSummary panel shown for symbol: XAUUSD.s, Lots: 0,1, Percent: -0,99, Points: -26
[2025-08-05 17:38:51.068] [INFO] OrderSummary panel hidden
[2025-08-05 17:38:51.068] [INFO] OrderSummary panel hidden
[2025-08-05 17:38:52.041] [INFO] Found matching symbol: XAUUSD matches XAUUSD.s
[2025-08-05 17:38:52.049] [INFO] OrderSummary panel shown for symbol: XAUUSD.s, Lots: 0,1, Percent: -1,03, Points: -26
[2025-08-05 17:38:52.050] [INFO] OrderSummary panel hidden
[2025-08-05 17:38:52.050] [INFO] OrderSummary panel hidden
[2025-08-05 17:38:53.051] [INFO] Found matching symbol: XAUUSD matches XAUUSD.s
[2025-08-05 17:38:53.057] [INFO] OrderSummary panel shown for symbol: XAUUSD.s, Lots: 0,1, Percent: -1,72, Points: -44
[2025-08-05 17:38:53.058] [INFO] OrderSummary panel hidden
[2025-08-05 17:38:53.058] [INFO] OrderSummary panel hidden
[2025-08-05 17:38:54.043] [INFO] Found matching symbol: XAUUSD matches XAUUSD.s
[2025-08-05 17:38:54.051] [INFO] OrderSummary panel shown for symbol: XAUUSD.s, Lots: 0,1, Percent: -1,18, Points: -30
[2025-08-05 17:38:54.051] [INFO] OrderSummary panel hidden
[2025-08-05 17:38:54.052] [INFO] OrderSummary panel hidden
[2025-08-05 17:38:55.041] [INFO] Found matching symbol: XAUUSD matches XAUUSD.s
[2025-08-05 17:38:55.047] [INFO] OrderSummary panel shown for symbol: XAUUSD.s, Lots: 0,1, Percent: -1,03, Points: -26
[2025-08-05 17:38:55.049] [INFO] OrderSummary panel hidden
[2025-08-05 17:38:55.049] [INFO] OrderSummary panel hidden
[2025-08-05 17:38:56.062] [INFO] Found matching symbol: XAUUSD matches XAUUSD.s
[2025-08-05 17:38:56.068] [INFO] OrderSummary panel shown for symbol: XAUUSD.s, Lots: 0,1, Percent: -1,03, Points: -26
[2025-08-05 17:38:56.069] [INFO] OrderSummary panel hidden
[2025-08-05 17:38:56.069] [INFO] OrderSummary panel hidden
[2025-08-05 17:38:57.048] [INFO] Found matching symbol: XAUUSD matches XAUUSD.s
[2025-08-05 17:38:57.055] [INFO] OrderSummary panel shown for symbol: XAUUSD.s, Lots: 0,1, Percent: -1,07, Points: -28
[2025-08-05 17:38:57.057] [INFO] OrderSummary panel hidden
[2025-08-05 17:38:57.057] [INFO] OrderSummary panel hidden
[2025-08-05 17:38:58.050] [INFO] Found matching symbol: XAUUSD matches XAUUSD.s
[2025-08-05 17:38:58.057] [INFO] OrderSummary panel shown for symbol: XAUUSD.s, Lots: 0,1, Percent: -1,11, Points: -28
[2025-08-05 17:38:58.057] [INFO] OrderSummary panel hidden
[2025-08-05 17:38:58.058] [INFO] OrderSummary panel hidden
[2025-08-05 17:38:59.046] [INFO] Found matching symbol: XAUUSD matches XAUUSD.s
[2025-08-05 17:38:59.061] [INFO] OrderSummary panel shown for symbol: XAUUSD.s, Lots: 0,1, Percent: -1,68, Points: -44
[2025-08-05 17:38:59.062] [INFO] OrderSummary panel hidden
[2025-08-05 17:38:59.062] [INFO] OrderSummary panel hidden
[2025-08-05 17:39:00.045] [INFO] Found matching symbol: XAUUSD matches XAUUSD.s
[2025-08-05 17:39:00.051] [INFO] OrderSummary panel shown for symbol: XAUUSD.s, Lots: 0,1, Percent: -1,83, Points: -48
[2025-08-05 17:39:00.052] [INFO] OrderSummary panel hidden
[2025-08-05 17:39:00.053] [INFO] OrderSummary panel hidden
[2025-08-05 17:39:01.047] [INFO] Found matching symbol: XAUUSD matches XAUUSD.s
[2025-08-05 17:39:01.061] [INFO] OrderSummary panel shown for symbol: XAUUSD.s, Lots: 0,1, Percent: -1,64, Points: -42
[2025-08-05 17:39:01.062] [INFO] OrderSummary panel hidden
[2025-08-05 17:39:01.063] [INFO] OrderSummary panel hidden
[2025-08-05 17:39:02.068] [INFO] Found matching symbol: XAUUSD matches XAUUSD.s
[2025-08-05 17:39:02.074] [INFO] OrderSummary panel shown for symbol: XAUUSD.s, Lots: 0,1, Percent: -1,22, Points: -32
[2025-08-05 17:39:02.075] [INFO] OrderSummary panel hidden
[2025-08-05 17:39:02.075] [INFO] OrderSummary panel hidden
[2025-08-05 17:39:03.054] [INFO] Found matching symbol: XAUUSD matches XAUUSD.s
[2025-08-05 17:39:03.061] [INFO] OrderSummary panel shown for symbol: XAUUSD.s, Lots: 0,1, Percent: -1,11, Points: -28
[2025-08-05 17:39:03.063] [INFO] OrderSummary panel hidden
[2025-08-05 17:39:03.063] [INFO] OrderSummary panel hidden
[2025-08-05 17:39:04.043] [INFO] SetSymbol called for XAUUSD, current broker: Forex
[2025-08-05 17:39:04.043] [INFO] Skipping open symbol command - Forex broker selected
[2025-08-05 17:39:04.043] [INFO] OrderSummary panel hidden
[2025-08-05 17:39:04.043] [INFO] Price display panel hidden
[2025-08-05 17:39:04.044] [INFO] Loaded settings for HandleID 262848: Risk=30, Duration=2, Broker=Forex
[2025-08-05 17:39:04.044] [INFO] SetSymbol called for XAUUSD, current broker: Forex
[2025-08-05 17:39:04.044] [INFO] Skipping open symbol command - Forex broker selected
[2025-08-05 17:39:04.044] [INFO] OrderSummary panel hidden
[2025-08-05 17:39:04.044] [INFO] Price display panel hidden
[2025-08-05 17:39:04.044] [INFO] Loaded settings for HandleID 262848: Risk=30, Duration=2, Broker=Forex
[2025-08-05 17:39:04.062] [INFO] Found matching symbol: XAUUSD matches XAUUSD.s
[2025-08-05 17:39:04.070] [INFO] OrderSummary panel shown for symbol: XAUUSD.s, Lots: 0,1, Percent: -1,07, Points: -28
[2025-08-05 17:39:04.071] [INFO] OrderSummary panel hidden
[2025-08-05 17:39:04.071] [INFO] OrderSummary panel hidden
[2025-08-05 17:39:05.051] [INFO] Found matching symbol: XAUUSD matches XAUUSD.s
[2025-08-05 17:39:05.058] [INFO] OrderSummary panel shown for symbol: XAUUSD.s, Lots: 0,1, Percent: -1,11, Points: -28
[2025-08-05 17:39:05.058] [INFO] OrderSummary panel hidden
[2025-08-05 17:39:05.058] [INFO] OrderSummary panel hidden
[2025-08-05 17:39:06.046] [INFO] Found matching symbol: XAUUSD matches XAUUSD.s
[2025-08-05 17:39:06.053] [INFO] OrderSummary panel shown for symbol: XAUUSD.s, Lots: 0,1, Percent: -1,03, Points: -26
[2025-08-05 17:39:06.054] [INFO] OrderSummary panel hidden
[2025-08-05 17:39:06.054] [INFO] OrderSummary panel hidden
[2025-08-05 17:39:07.046] [INFO] Found matching symbol: XAUUSD matches XAUUSD.s
[2025-08-05 17:39:07.053] [INFO] OrderSummary panel shown for symbol: XAUUSD.s, Lots: 0,1, Percent: -1,07, Points: -28
[2025-08-05 17:39:07.054] [INFO] OrderSummary panel hidden
[2025-08-05 17:39:07.054] [INFO] OrderSummary panel hidden
[2025-08-05 17:39:08.049] [INFO] Found matching symbol: XAUUSD matches XAUUSD.s
[2025-08-05 17:39:08.057] [INFO] OrderSummary panel shown for symbol: XAUUSD.s, Lots: 0,1, Percent: -1,15, Points: -30
[2025-08-05 17:39:08.058] [INFO] OrderSummary panel hidden
[2025-08-05 17:39:08.058] [INFO] OrderSummary panel hidden
[2025-08-05 17:39:09.049] [INFO] Found matching symbol: XAUUSD matches XAUUSD.s
[2025-08-05 17:39:09.060] [INFO] OrderSummary panel shown for symbol: XAUUSD.s, Lots: 0,1, Percent: -1,41, Points: -36
[2025-08-05 17:39:09.061] [INFO] OrderSummary panel hidden
[2025-08-05 17:39:09.061] [INFO] OrderSummary panel hidden
[2025-08-05 17:39:10.049] [INFO] Found matching symbol: XAUUSD matches XAUUSD.s
[2025-08-05 17:39:10.057] [INFO] OrderSummary panel shown for symbol: XAUUSD.s, Lots: 0,1, Percent: -1,95, Points: -51
[2025-08-05 17:39:10.057] [INFO] OrderSummary panel hidden
[2025-08-05 17:39:10.058] [INFO] OrderSummary panel hidden
[2025-08-05 17:39:11.051] [INFO] Found matching symbol: XAUUSD matches XAUUSD.s
[2025-08-05 17:39:11.063] [INFO] OrderSummary panel shown for symbol: XAUUSD.s, Lots: 0,1, Percent: -1,76, Points: -46
[2025-08-05 17:39:11.066] [INFO] OrderSummary panel hidden
[2025-08-05 17:39:11.066] [INFO] OrderSummary panel hidden
[2025-08-05 17:39:12.041] [INFO] Found matching symbol: XAUUSD matches XAUUSD.s
[2025-08-05 17:39:12.049] [INFO] OrderSummary panel shown for symbol: XAUUSD.s, Lots: 0,1, Percent: -1,53, Points: -40
[2025-08-05 17:39:12.050] [INFO] OrderSummary panel hidden
[2025-08-05 17:39:12.050] [INFO] OrderSummary panel hidden
[2025-08-05 17:39:13.047] [INFO] Found matching symbol: XAUUSD matches XAUUSD.s
[2025-08-05 17:39:13.054] [INFO] OrderSummary panel shown for symbol: XAUUSD.s, Lots: 0,1, Percent: -1,41, Points: -36
[2025-08-05 17:39:13.055] [INFO] OrderSummary panel hidden
[2025-08-05 17:39:13.055] [INFO] OrderSummary panel hidden
[2025-08-05 17:39:14.053] [INFO] Found matching symbol: XAUUSD matches XAUUSD.s
[2025-08-05 17:39:14.063] [INFO] OrderSummary panel shown for symbol: XAUUSD.s, Lots: 0,1, Percent: -1,57, Points: -40
[2025-08-05 17:39:14.064] [INFO] OrderSummary panel hidden
[2025-08-05 17:39:14.064] [INFO] OrderSummary panel hidden
[2025-08-05 17:39:15.062] [INFO] Found matching symbol: XAUUSD matches XAUUSD.s
[2025-08-05 17:39:15.068] [INFO] OrderSummary panel shown for symbol: XAUUSD.s, Lots: 0,1, Percent: -1,83, Points: -48
[2025-08-05 17:39:15.069] [INFO] OrderSummary panel hidden
[2025-08-05 17:39:15.070] [INFO] OrderSummary panel hidden
[2025-08-05 17:39:16.043] [INFO] Found matching symbol: XAUUSD matches XAUUSD.s
[2025-08-05 17:39:16.052] [INFO] OrderSummary panel shown for symbol: XAUUSD.s, Lots: 0,1, Percent: -1,6, Points: -42
[2025-08-05 17:39:16.053] [INFO] OrderSummary panel hidden
[2025-08-05 17:39:16.053] [INFO] OrderSummary panel hidden
[2025-08-05 17:39:17.043] [INFO] Found matching symbol: XAUUSD matches XAUUSD.s
[2025-08-05 17:39:17.049] [INFO] OrderSummary panel shown for symbol: XAUUSD.s, Lots: 0,1, Percent: -1,57, Points: -40
[2025-08-05 17:39:17.051] [INFO] OrderSummary panel hidden
[2025-08-05 17:39:17.051] [INFO] OrderSummary panel hidden
[2025-08-05 17:39:18.047] [INFO] Found matching symbol: XAUUSD matches XAUUSD.s
[2025-08-05 17:39:18.055] [INFO] OrderSummary panel shown for symbol: XAUUSD.s, Lots: 0,1, Percent: -1,72, Points: -44
[2025-08-05 17:39:18.055] [INFO] OrderSummary panel hidden
[2025-08-05 17:39:18.057] [INFO] OrderSummary panel hidden
[2025-08-05 17:39:19.084] [INFO] Found matching symbol: XAUUSD matches XAUUSD.s
[2025-08-05 17:39:19.090] [INFO] OrderSummary panel shown for symbol: XAUUSD.s, Lots: 0,1, Percent: -1,87, Points: -48
[2025-08-05 17:39:19.092] [INFO] OrderSummary panel hidden
[2025-08-05 17:39:19.092] [INFO] OrderSummary panel hidden
[2025-08-05 17:39:20.043] [INFO] Found matching symbol: XAUUSD matches XAUUSD.s
[2025-08-05 17:39:20.050] [INFO] OrderSummary panel shown for symbol: XAUUSD.s, Lots: 0,1, Percent: -1,87, Points: -48
[2025-08-05 17:39:20.050] [INFO] OrderSummary panel hidden
[2025-08-05 17:39:20.050] [INFO] OrderSummary panel hidden
[2025-08-05 17:39:21.041] [INFO] Found matching symbol: XAUUSD matches XAUUSD.s
[2025-08-05 17:39:21.047] [INFO] OrderSummary panel shown for symbol: XAUUSD.s, Lots: 0,1, Percent: -1,87, Points: -48
[2025-08-05 17:39:21.047] [INFO] OrderSummary panel hidden
[2025-08-05 17:39:21.047] [INFO] OrderSummary panel hidden
[2025-08-05 17:39:22.047] [INFO] Found matching symbol: XAUUSD matches XAUUSD.s
[2025-08-05 17:39:22.061] [INFO] OrderSummary panel shown for symbol: XAUUSD.s, Lots: 0,1, Percent: -1,64, Points: -42
[2025-08-05 17:39:22.061] [INFO] OrderSummary panel hidden
[2025-08-05 17:39:22.062] [INFO] OrderSummary panel hidden
[2025-08-05 17:39:23.049] [INFO] Found matching symbol: XAUUSD matches XAUUSD.s
[2025-08-05 17:39:23.055] [INFO] OrderSummary panel shown for symbol: XAUUSD.s, Lots: 0,1, Percent: -1,95, Points: -51
[2025-08-05 17:39:23.056] [INFO] OrderSummary panel hidden
[2025-08-05 17:39:23.056] [INFO] OrderSummary panel hidden
[2025-08-05 17:39:24.051] [INFO] Found matching symbol: XAUUSD matches XAUUSD.s
[2025-08-05 17:39:24.057] [INFO] OrderSummary panel shown for symbol: XAUUSD.s, Lots: 0,1, Percent: -2,06, Points: -53
[2025-08-05 17:39:24.058] [INFO] OrderSummary panel hidden
[2025-08-05 17:39:24.058] [INFO] OrderSummary panel hidden
[2025-08-05 17:39:25.043] [INFO] Found matching symbol: XAUUSD matches XAUUSD.s
[2025-08-05 17:39:25.051] [INFO] OrderSummary panel shown for symbol: XAUUSD.s, Lots: 0,1, Percent: -1,64, Points: -42
[2025-08-05 17:39:25.053] [INFO] OrderSummary panel hidden
[2025-08-05 17:39:25.053] [INFO] OrderSummary panel hidden
[2025-08-05 17:39:26.056] [INFO] Found matching symbol: XAUUSD matches XAUUSD.s
[2025-08-05 17:39:26.070] [INFO] OrderSummary panel shown for symbol: XAUUSD.s, Lots: 0,1, Percent: -1,6, Points: -42
[2025-08-05 17:39:26.070] [INFO] OrderSummary panel hidden
[2025-08-05 17:39:26.071] [INFO] OrderSummary panel hidden
[2025-08-05 17:39:27.067] [INFO] Found matching symbol: XAUUSD matches XAUUSD.s
[2025-08-05 17:39:27.080] [INFO] OrderSummary panel shown for symbol: XAUUSD.s, Lots: 0,1, Percent: -1,53, Points: -40
[2025-08-05 17:39:27.081] [INFO] OrderSummary panel hidden
[2025-08-05 17:39:27.081] [INFO] OrderSummary panel hidden
[2025-08-05 17:39:28.042] [INFO] Found matching symbol: XAUUSD matches XAUUSD.s
[2025-08-05 17:39:28.049] [INFO] OrderSummary panel shown for symbol: XAUUSD.s, Lots: 0,1, Percent: -1,57, Points: -40
[2025-08-05 17:39:28.050] [INFO] OrderSummary panel hidden
[2025-08-05 17:39:28.050] [INFO] OrderSummary panel hidden
[2025-08-05 17:39:29.040] [INFO] Found matching symbol: XAUUSD matches XAUUSD.s
[2025-08-05 17:39:29.054] [INFO] OrderSummary panel shown for symbol: XAUUSD.s, Lots: 0,1, Percent: -1,6, Points: -42
[2025-08-05 17:39:29.054] [INFO] OrderSummary panel hidden
[2025-08-05 17:39:29.054] [INFO] OrderSummary panel hidden
[2025-08-05 17:39:30.045] [INFO] Found matching symbol: XAUUSD matches XAUUSD.s
[2025-08-05 17:39:30.058] [INFO] OrderSummary panel shown for symbol: XAUUSD.s, Lots: 0,1, Percent: -1,49, Points: -38
[2025-08-05 17:39:30.059] [INFO] OrderSummary panel hidden
[2025-08-05 17:39:30.059] [INFO] OrderSummary panel hidden
[2025-08-05 17:39:31.062] [INFO] Found matching symbol: XAUUSD matches XAUUSD.s
[2025-08-05 17:39:31.069] [INFO] OrderSummary panel shown for symbol: XAUUSD.s, Lots: 0,1, Percent: -1,8, Points: -46
[2025-08-05 17:39:31.069] [INFO] OrderSummary panel hidden
[2025-08-05 17:39:31.069] [INFO] OrderSummary panel hidden
[2025-08-05 17:39:32.041] [INFO] Found matching symbol: XAUUSD matches XAUUSD.s
[2025-08-05 17:39:32.054] [INFO] OrderSummary panel shown for symbol: XAUUSD.s, Lots: 0,1, Percent: -1,83, Points: -48
[2025-08-05 17:39:32.056] [INFO] OrderSummary panel hidden
[2025-08-05 17:39:32.056] [INFO] OrderSummary panel hidden
[2025-08-05 17:39:32.878] [INFO] SetSymbol called for XAUUSD, current broker: Forex
[2025-08-05 17:39:32.878] [INFO] Skipping open symbol command - Forex broker selected
[2025-08-05 17:39:32.878] [INFO] OrderSummary panel hidden
[2025-08-05 17:39:32.879] [INFO] Price display panel hidden
[2025-08-05 17:39:32.879] [INFO] Loaded settings for HandleID 262758: Risk=10, Duration=2, Broker=Forex
[2025-08-05 17:39:32.880] [INFO] SetSymbol called for XAUUSD, current broker: Forex
[2025-08-05 17:39:32.880] [INFO] Skipping open symbol command - Forex broker selected
[2025-08-05 17:39:32.880] [INFO] OrderSummary panel hidden
[2025-08-05 17:39:32.880] [INFO] Price display panel hidden
[2025-08-05 17:39:32.881] [INFO] Loaded settings for HandleID 262758: Risk=10, Duration=2, Broker=Forex
[2025-08-05 17:39:33.049] [INFO] Found matching symbol: XAUUSD matches XAUUSD.s
[2025-08-05 17:39:33.056] [INFO] OrderSummary panel shown for symbol: XAUUSD.s, Lots: 0,1, Percent: -1,91, Points: -50
[2025-08-05 17:39:33.057] [INFO] OrderSummary panel hidden
[2025-08-05 17:39:33.058] [INFO] OrderSummary panel hidden
[2025-08-05 17:39:34.052] [INFO] Found matching symbol: XAUUSD matches XAUUSD.s
[2025-08-05 17:39:34.059] [INFO] OrderSummary panel shown for symbol: XAUUSD.s, Lots: 0,1, Percent: -2,37, Points: -61
[2025-08-05 17:39:34.060] [INFO] OrderSummary panel hidden
[2025-08-05 17:39:34.061] [INFO] OrderSummary panel hidden
[2025-08-05 17:39:35.052] [INFO] Found matching symbol: XAUUSD matches XAUUSD.s
[2025-08-05 17:39:35.059] [INFO] OrderSummary panel shown for symbol: XAUUSD.s, Lots: 0,1, Percent: -2,33, Points: -61
[2025-08-05 17:39:35.059] [INFO] OrderSummary panel hidden
[2025-08-05 17:39:35.059] [INFO] OrderSummary panel hidden
[2025-08-05 17:39:36.044] [INFO] Found matching symbol: XAUUSD matches XAUUSD.s
[2025-08-05 17:39:36.050] [INFO] OrderSummary panel shown for symbol: XAUUSD.s, Lots: 0,1, Percent: -2,33, Points: -61
[2025-08-05 17:39:36.051] [INFO] OrderSummary panel hidden
[2025-08-05 17:39:36.051] [INFO] OrderSummary panel hidden
[2025-08-05 17:39:37.053] [INFO] Found matching symbol: XAUUSD matches XAUUSD.s
[2025-08-05 17:39:37.060] [INFO] OrderSummary panel shown for symbol: XAUUSD.s, Lots: 0,1, Percent: -2,14, Points: -55
[2025-08-05 17:39:37.061] [INFO] OrderSummary panel hidden
[2025-08-05 17:39:37.062] [INFO] OrderSummary panel hidden
[2025-08-05 17:39:38.049] [INFO] Found matching symbol: XAUUSD matches XAUUSD.s
[2025-08-05 17:39:38.055] [INFO] OrderSummary panel shown for symbol: XAUUSD.s, Lots: 0,1, Percent: -1,95, Points: -51
[2025-08-05 17:39:38.056] [INFO] OrderSummary panel hidden
[2025-08-05 17:39:38.056] [INFO] OrderSummary panel hidden
[2025-08-05 17:39:39.041] [INFO] Found matching symbol: XAUUSD matches XAUUSD.s
[2025-08-05 17:39:39.047] [INFO] OrderSummary panel shown for symbol: XAUUSD.s, Lots: 0,1, Percent: -1,87, Points: -48
[2025-08-05 17:39:39.049] [INFO] OrderSummary panel hidden
[2025-08-05 17:39:39.049] [INFO] OrderSummary panel hidden
[2025-08-05 17:39:40.053] [INFO] Found matching symbol: XAUUSD matches XAUUSD.s
[2025-08-05 17:39:40.061] [INFO] OrderSummary panel shown for symbol: XAUUSD.s, Lots: 0,1, Percent: -2,06, Points: -53
[2025-08-05 17:39:40.063] [INFO] OrderSummary panel hidden
[2025-08-05 17:39:40.063] [INFO] OrderSummary panel hidden
[2025-08-05 17:39:41.058] [INFO] Found matching symbol: XAUUSD matches XAUUSD.s
[2025-08-05 17:39:41.065] [INFO] OrderSummary panel shown for symbol: XAUUSD.s, Lots: 0,1, Percent: -1,91, Points: -50
[2025-08-05 17:39:41.067] [INFO] OrderSummary panel hidden
[2025-08-05 17:39:41.067] [INFO] OrderSummary panel hidden
[2025-08-05 17:39:42.045] [INFO] Found matching symbol: XAUUSD matches XAUUSD.s
[2025-08-05 17:39:42.051] [INFO] OrderSummary panel shown for symbol: XAUUSD.s, Lots: 0,1, Percent: -2,02, Points: -53
[2025-08-05 17:39:42.051] [INFO] OrderSummary panel hidden
[2025-08-05 17:39:42.052] [INFO] OrderSummary panel hidden
[2025-08-05 17:39:43.050] [INFO] Found matching symbol: XAUUSD matches XAUUSD.s
[2025-08-05 17:39:43.062] [INFO] OrderSummary panel shown for symbol: XAUUSD.s, Lots: 0,1, Percent: -2,02, Points: -53
[2025-08-05 17:39:43.063] [INFO] OrderSummary panel hidden
[2025-08-05 17:39:43.063] [INFO] OrderSummary panel hidden
[2025-08-05 17:39:44.039] [INFO] Found matching symbol: XAUUSD matches XAUUSD.s
[2025-08-05 17:39:44.045] [INFO] OrderSummary panel shown for symbol: XAUUSD.s, Lots: 0,1, Percent: -1,87, Points: -48
[2025-08-05 17:39:44.046] [INFO] OrderSummary panel hidden
[2025-08-05 17:39:44.046] [INFO] OrderSummary panel hidden
[2025-08-05 17:39:45.042] [INFO] Found matching symbol: XAUUSD matches XAUUSD.s
[2025-08-05 17:39:45.049] [INFO] OrderSummary panel shown for symbol: XAUUSD.s, Lots: 0,1, Percent: -1,83, Points: -48
[2025-08-05 17:39:45.050] [INFO] OrderSummary panel hidden
[2025-08-05 17:39:45.051] [INFO] OrderSummary panel hidden
[2025-08-05 17:39:46.054] [INFO] Found matching symbol: XAUUSD matches XAUUSD.s
[2025-08-05 17:39:46.062] [INFO] OrderSummary panel shown for symbol: XAUUSD.s, Lots: 0,1, Percent: -1,8, Points: -46
[2025-08-05 17:39:46.064] [INFO] OrderSummary panel hidden
[2025-08-05 17:39:46.064] [INFO] OrderSummary panel hidden
[2025-08-05 17:39:47.049] [INFO] Found matching symbol: XAUUSD matches XAUUSD.s
[2025-08-05 17:39:47.056] [INFO] OrderSummary panel shown for symbol: XAUUSD.s, Lots: 0,1, Percent: -1,99, Points: -51
[2025-08-05 17:39:47.058] [INFO] OrderSummary panel hidden
[2025-08-05 17:39:47.058] [INFO] OrderSummary panel hidden
[2025-08-05 17:39:48.042] [INFO] Found matching symbol: XAUUSD matches XAUUSD.s
[2025-08-05 17:39:48.049] [INFO] OrderSummary panel shown for symbol: XAUUSD.s, Lots: 0,1, Percent: -1,87, Points: -48
[2025-08-05 17:39:48.050] [INFO] OrderSummary panel hidden
[2025-08-05 17:39:48.050] [INFO] OrderSummary panel hidden
[2025-08-05 17:39:49.044] [INFO] Found matching symbol: XAUUSD matches XAUUSD.s
[2025-08-05 17:39:49.051] [INFO] OrderSummary panel shown for symbol: XAUUSD.s, Lots: 0,1, Percent: -0,92, Points: -23
[2025-08-05 17:39:49.051] [INFO] OrderSummary panel hidden
[2025-08-05 17:39:49.052] [INFO] OrderSummary panel hidden
[2025-08-05 17:39:50.052] [INFO] Found matching symbol: XAUUSD matches XAUUSD.s
[2025-08-05 17:39:50.059] [INFO] OrderSummary panel shown for symbol: XAUUSD.s, Lots: 0,1, Percent: -0,42, Points: -11
[2025-08-05 17:39:50.061] [INFO] OrderSummary panel hidden
[2025-08-05 17:39:50.061] [INFO] OrderSummary panel hidden
[2025-08-05 17:39:51.052] [INFO] Found matching symbol: XAUUSD matches XAUUSD.s
[2025-08-05 17:39:51.059] [INFO] OrderSummary panel shown for symbol: XAUUSD.s, Lots: 0,1, Percent: -0,23, Points: -5
[2025-08-05 17:39:51.060] [INFO] OrderSummary panel hidden
[2025-08-05 17:39:51.061] [INFO] OrderSummary panel hidden
[2025-08-05 17:39:52.071] [INFO] Found matching symbol: XAUUSD matches XAUUSD.s
[2025-08-05 17:39:52.082] [INFO] OrderSummary panel shown for symbol: XAUUSD.s, Lots: 0,1, Percent: -0,23, Points: -5
[2025-08-05 17:39:52.082] [INFO] OrderSummary panel hidden
[2025-08-05 17:39:52.082] [INFO] OrderSummary panel hidden
[2025-08-05 17:39:53.070] [INFO] Found matching symbol: XAUUSD matches XAUUSD.s
[2025-08-05 17:39:53.077] [INFO] OrderSummary panel shown for symbol: XAUUSD.s, Lots: 0,1, Percent: -0,15, Points: -3
[2025-08-05 17:39:53.077] [INFO] OrderSummary panel hidden
[2025-08-05 17:39:53.077] [INFO] OrderSummary panel hidden
[2025-08-05 17:39:54.053] [INFO] Found matching symbol: XAUUSD matches XAUUSD.s
[2025-08-05 17:39:54.060] [INFO] OrderSummary panel shown for symbol: XAUUSD.s, Lots: 0,1, Percent: -0,23, Points: -5
[2025-08-05 17:39:54.061] [INFO] OrderSummary panel hidden
[2025-08-05 17:39:54.061] [INFO] OrderSummary panel hidden
[2025-08-05 17:39:55.051] [INFO] Found matching symbol: XAUUSD matches XAUUSD.s
[2025-08-05 17:39:55.058] [INFO] OrderSummary panel shown for symbol: XAUUSD.s, Lots: 0,1, Percent: -0,23, Points: -5
[2025-08-05 17:39:55.058] [INFO] OrderSummary panel hidden
[2025-08-05 17:39:55.058] [INFO] OrderSummary panel hidden
[2025-08-05 17:39:56.045] [INFO] Found matching symbol: XAUUSD matches XAUUSD.s
[2025-08-05 17:39:56.052] [INFO] OrderSummary panel shown for symbol: XAUUSD.s, Lots: 0,1, Percent: -0,46, Points: -11
[2025-08-05 17:39:56.053] [INFO] OrderSummary panel hidden
[2025-08-05 17:39:56.054] [INFO] OrderSummary panel hidden
[2025-08-05 17:39:57.054] [INFO] Found matching symbol: XAUUSD matches XAUUSD.s
[2025-08-05 17:39:57.062] [INFO] OrderSummary panel shown for symbol: XAUUSD.s, Lots: 0,1, Percent: -0,23, Points: -5
[2025-08-05 17:39:57.062] [INFO] OrderSummary panel hidden
[2025-08-05 17:39:57.062] [INFO] OrderSummary panel hidden
[2025-08-05 17:39:58.049] [INFO] Found matching symbol: XAUUSD matches XAUUSD.s
[2025-08-05 17:39:58.058] [INFO] OrderSummary panel shown for symbol: XAUUSD.s, Lots: 0,1, Percent: -0,19, Points: -5
[2025-08-05 17:39:58.059] [INFO] OrderSummary panel hidden
[2025-08-05 17:39:58.059] [INFO] OrderSummary panel hidden
[2025-08-05 17:39:59.042] [INFO] Found matching symbol: XAUUSD matches XAUUSD.s
[2025-08-05 17:39:59.049] [INFO] OrderSummary panel shown for symbol: XAUUSD.s, Lots: 0,1, Percent: -0,15, Points: -3
[2025-08-05 17:39:59.049] [INFO] OrderSummary panel hidden
[2025-08-05 17:39:59.049] [INFO] OrderSummary panel hidden
[2025-08-05 17:40:00.043] [INFO] Found matching symbol: XAUUSD matches XAUUSD.s
[2025-08-05 17:40:00.049] [INFO] OrderSummary panel shown for symbol: XAUUSD.s, Lots: 0,1, Percent: -0,19, Points: -5
[2025-08-05 17:40:00.049] [INFO] OrderSummary panel hidden
[2025-08-05 17:40:00.049] [INFO] OrderSummary panel hidden
[2025-08-05 17:40:01.042] [INFO] Found matching symbol: XAUUSD matches XAUUSD.s
[2025-08-05 17:40:01.049] [INFO] OrderSummary panel shown for symbol: XAUUSD.s, Lots: 0,1, Percent: -0,27, Points: -7
[2025-08-05 17:40:01.051] [INFO] OrderSummary panel hidden
[2025-08-05 17:40:01.051] [INFO] OrderSummary panel hidden
[2025-08-05 17:40:02.039] [INFO] Found matching symbol: XAUUSD matches XAUUSD.s
[2025-08-05 17:40:02.046] [INFO] OrderSummary panel shown for symbol: XAUUSD.s, Lots: 0,1, Percent: -0,08, Points: -1
[2025-08-05 17:40:02.047] [INFO] OrderSummary panel hidden
[2025-08-05 17:40:02.047] [INFO] OrderSummary panel hidden
[2025-08-05 17:40:03.049] [INFO] Found matching symbol: XAUUSD matches XAUUSD.s
[2025-08-05 17:40:03.055] [INFO] OrderSummary panel shown for symbol: XAUUSD.s, Lots: 0,1, Percent: -0,23, Points: -5
[2025-08-05 17:40:03.056] [INFO] OrderSummary panel hidden
[2025-08-05 17:40:03.056] [INFO] OrderSummary panel hidden
[2025-08-05 17:40:04.049] [INFO] Found matching symbol: XAUUSD matches XAUUSD.s
[2025-08-05 17:40:04.056] [INFO] OrderSummary panel shown for symbol: XAUUSD.s, Lots: 0,1, Percent: -0,38, Points: -9
[2025-08-05 17:40:04.057] [INFO] OrderSummary panel hidden
[2025-08-05 17:40:04.057] [INFO] OrderSummary panel hidden
[2025-08-05 17:40:05.054] [INFO] Found matching symbol: XAUUSD matches XAUUSD.s
[2025-08-05 17:40:05.060] [INFO] OrderSummary panel shown for symbol: XAUUSD.s, Lots: 0,1, Percent: -0,19, Points: -5
[2025-08-05 17:40:05.062] [INFO] OrderSummary panel hidden
[2025-08-05 17:40:05.062] [INFO] OrderSummary panel hidden
[2025-08-05 17:40:06.053] [INFO] Found matching symbol: XAUUSD matches XAUUSD.s
[2025-08-05 17:40:06.060] [INFO] OrderSummary panel shown for symbol: XAUUSD.s, Lots: 0,1, Percent: 0, Points: 0
[2025-08-05 17:40:06.061] [INFO] OrderSummary panel hidden
[2025-08-05 17:40:06.061] [INFO] OrderSummary panel hidden
[2025-08-05 17:40:07.047] [INFO] Found matching symbol: XAUUSD matches XAUUSD.s
[2025-08-05 17:40:07.054] [INFO] OrderSummary panel shown for symbol: XAUUSD.s, Lots: 0,1, Percent: 1,15, Points: 30
[2025-08-05 17:40:07.056] [INFO] OrderSummary panel hidden
[2025-08-05 17:40:07.057] [INFO] OrderSummary panel hidden
[2025-08-05 17:40:08.095] [INFO] Found matching symbol: XAUUSD matches XAUUSD.s
[2025-08-05 17:40:08.103] [INFO] OrderSummary panel shown for symbol: XAUUSD.s, Lots: 0,1, Percent: 2,98, Points: 78
[2025-08-05 17:40:08.104] [INFO] OrderSummary panel hidden
[2025-08-05 17:40:08.105] [INFO] OrderSummary panel hidden
[2025-08-05 17:40:08.906] [INFO] SetSymbol called for XAUUSD, current broker: Forex
[2025-08-05 17:40:08.906] [INFO] Skipping open symbol command - Forex broker selected
[2025-08-05 17:40:08.906] [INFO] OrderSummary panel hidden
[2025-08-05 17:40:08.906] [INFO] Price display panel hidden
[2025-08-05 17:40:08.906] [INFO] Loaded settings for HandleID 262848: Risk=30, Duration=2, Broker=Forex
[2025-08-05 17:40:08.907] [INFO] SetSymbol called for XAUUSD, current broker: Forex
[2025-08-05 17:40:08.907] [INFO] Skipping open symbol command - Forex broker selected
[2025-08-05 17:40:08.907] [INFO] OrderSummary panel hidden
[2025-08-05 17:40:08.907] [INFO] Price display panel hidden
[2025-08-05 17:40:08.908] [INFO] Loaded settings for HandleID 262848: Risk=30, Duration=2, Broker=Forex
[2025-08-05 17:40:09.056] [INFO] Found matching symbol: XAUUSD matches XAUUSD.s
[2025-08-05 17:40:09.063] [INFO] OrderSummary panel shown for symbol: XAUUSD.s, Lots: 0,1, Percent: 3,67, Points: 96
[2025-08-05 17:40:09.063] [INFO] OrderSummary panel hidden
[2025-08-05 17:40:09.064] [INFO] OrderSummary panel hidden
[2025-08-05 17:40:10.048] [INFO] Found matching symbol: XAUUSD matches XAUUSD.s
[2025-08-05 17:40:10.055] [INFO] OrderSummary panel shown for symbol: XAUUSD.s, Lots: 0,1, Percent: 2,9, Points: 76
[2025-08-05 17:40:10.056] [INFO] OrderSummary panel hidden
[2025-08-05 17:40:10.057] [INFO] OrderSummary panel hidden
[2025-08-05 17:40:11.044] [INFO] Found matching symbol: XAUUSD matches XAUUSD.s
[2025-08-05 17:40:11.051] [INFO] OrderSummary panel shown for symbol: XAUUSD.s, Lots: 0,1, Percent: 1,57, Points: 40
[2025-08-05 17:40:11.052] [INFO] OrderSummary panel hidden
[2025-08-05 17:40:11.052] [INFO] OrderSummary panel hidden
[2025-08-05 17:40:12.050] [INFO] Found matching symbol: XAUUSD matches XAUUSD.s
[2025-08-05 17:40:12.057] [INFO] OrderSummary panel shown for symbol: XAUUSD.s, Lots: 0,1, Percent: 2,02, Points: 53
[2025-08-05 17:40:12.057] [INFO] OrderSummary panel hidden
[2025-08-05 17:40:12.057] [INFO] OrderSummary panel hidden
[2025-08-05 17:40:13.045] [INFO] Found matching symbol: XAUUSD matches XAUUSD.s
[2025-08-05 17:40:13.052] [INFO] OrderSummary panel shown for symbol: XAUUSD.s, Lots: 0,1, Percent: 1,41, Points: 36
[2025-08-05 17:40:13.052] [INFO] OrderSummary panel hidden
[2025-08-05 17:40:13.053] [INFO] OrderSummary panel hidden
[2025-08-05 17:40:14.049] [INFO] Found matching symbol: XAUUSD matches XAUUSD.s
[2025-08-05 17:40:14.057] [INFO] OrderSummary panel shown for symbol: XAUUSD.s, Lots: 0,1, Percent: 1,45, Points: 38
[2025-08-05 17:40:14.058] [INFO] OrderSummary panel hidden
[2025-08-05 17:40:14.058] [INFO] OrderSummary panel hidden
[2025-08-05 17:40:14.458] [INFO] SetSymbol called for XAUUSD, current broker: Forex
[2025-08-05 17:40:14.458] [INFO] Skipping open symbol command - Forex broker selected
[2025-08-05 17:40:14.458] [INFO] OrderSummary panel hidden
[2025-08-05 17:40:14.458] [INFO] Price display panel hidden
[2025-08-05 17:40:14.458] [INFO] Loaded settings for HandleID 262758: Risk=10, Duration=2, Broker=Forex
[2025-08-05 17:40:14.459] [INFO] SetSymbol called for XAUUSD, current broker: Forex
[2025-08-05 17:40:14.459] [INFO] Skipping open symbol command - Forex broker selected
[2025-08-05 17:40:14.459] [INFO] OrderSummary panel hidden
[2025-08-05 17:40:14.459] [INFO] Price display panel hidden
[2025-08-05 17:40:14.459] [INFO] Loaded settings for HandleID 262758: Risk=10, Duration=2, Broker=Forex
[2025-08-05 17:40:15.044] [INFO] Found matching symbol: XAUUSD matches XAUUSD.s
[2025-08-05 17:40:15.051] [INFO] OrderSummary panel shown for symbol: XAUUSD.s, Lots: 0,1, Percent: 0,76, Points: 19
[2025-08-05 17:40:15.052] [INFO] OrderSummary panel hidden
[2025-08-05 17:40:15.052] [INFO] OrderSummary panel hidden
[2025-08-05 17:40:16.052] [INFO] Found matching symbol: XAUUSD matches XAUUSD.s
[2025-08-05 17:40:16.059] [INFO] OrderSummary panel shown for symbol: XAUUSD.s, Lots: 0,1, Percent: 0,61, Points: 15
[2025-08-05 17:40:16.059] [INFO] OrderSummary panel hidden
[2025-08-05 17:40:16.059] [INFO] OrderSummary panel hidden
[2025-08-05 17:40:17.054] [INFO] Found matching symbol: XAUUSD matches XAUUSD.s
[2025-08-05 17:40:17.062] [INFO] OrderSummary panel shown for symbol: XAUUSD.s, Lots: 0,1, Percent: 1,07, Points: 28
[2025-08-05 17:40:17.063] [INFO] OrderSummary panel hidden
[2025-08-05 17:40:17.063] [INFO] OrderSummary panel hidden
[2025-08-05 17:40:18.050] [INFO] Found matching symbol: XAUUSD matches XAUUSD.s
[2025-08-05 17:40:18.056] [INFO] OrderSummary panel shown for symbol: XAUUSD.s, Lots: 0,1, Percent: 0,92, Points: 23
[2025-08-05 17:40:18.058] [INFO] OrderSummary panel hidden
[2025-08-05 17:40:18.058] [INFO] OrderSummary panel hidden
[2025-08-05 17:40:19.046] [INFO] Found matching symbol: XAUUSD matches XAUUSD.s
[2025-08-05 17:40:19.053] [INFO] OrderSummary panel shown for symbol: XAUUSD.s, Lots: 0,1, Percent: 0,88, Points: 23
[2025-08-05 17:40:19.054] [INFO] OrderSummary panel hidden
[2025-08-05 17:40:19.054] [INFO] OrderSummary panel hidden
[2025-08-05 17:40:20.115] [INFO] Found matching symbol: XAUUSD matches XAUUSD.s
[2025-08-05 17:40:20.122] [INFO] OrderSummary panel shown for symbol: XAUUSD.s, Lots: 0,1, Percent: 0,27, Points: 7
[2025-08-05 17:40:20.122] [INFO] OrderSummary panel hidden
[2025-08-05 17:40:20.122] [INFO] OrderSummary panel hidden
[2025-08-05 17:40:21.052] [INFO] Found matching symbol: XAUUSD matches XAUUSD.s
[2025-08-05 17:40:21.059] [INFO] OrderSummary panel shown for symbol: XAUUSD.s, Lots: 0,1, Percent: 0,04, Points: 1
[2025-08-05 17:40:21.059] [INFO] OrderSummary panel hidden
[2025-08-05 17:40:21.059] [INFO] OrderSummary panel hidden
[2025-08-05 17:40:22.041] [INFO] Found matching symbol: XAUUSD matches XAUUSD.s
[2025-08-05 17:40:22.048] [INFO] OrderSummary panel shown for symbol: XAUUSD.s, Lots: 0,1, Percent: -0,08, Points: -1
[2025-08-05 17:40:22.048] [INFO] OrderSummary panel hidden
[2025-08-05 17:40:22.048] [INFO] OrderSummary panel hidden
[2025-08-05 17:40:23.049] [INFO] Found matching symbol: XAUUSD matches XAUUSD.s
[2025-08-05 17:40:23.056] [INFO] OrderSummary panel shown for symbol: XAUUSD.s, Lots: 0,1, Percent: -0,46, Points: -11
[2025-08-05 17:40:23.058] [INFO] OrderSummary panel hidden
[2025-08-05 17:40:23.059] [INFO] OrderSummary panel hidden
[2025-08-05 17:40:24.045] [INFO] Found matching symbol: XAUUSD matches XAUUSD.s
[2025-08-05 17:40:24.051] [INFO] OrderSummary panel shown for symbol: XAUUSD.s, Lots: 0,1, Percent: -0,04, Points: -1
[2025-08-05 17:40:24.053] [INFO] OrderSummary panel hidden
[2025-08-05 17:40:24.053] [INFO] OrderSummary panel hidden
[2025-08-05 17:40:25.044] [INFO] Found matching symbol: XAUUSD matches XAUUSD.s
[2025-08-05 17:40:25.050] [INFO] OrderSummary panel shown for symbol: XAUUSD.s, Lots: 0,1, Percent: 0,08, Points: 1
[2025-08-05 17:40:25.051] [INFO] OrderSummary panel hidden
[2025-08-05 17:40:25.051] [INFO] OrderSummary panel hidden
[2025-08-05 17:40:26.046] [INFO] Found matching symbol: XAUUSD matches XAUUSD.s
[2025-08-05 17:40:26.052] [INFO] OrderSummary panel shown for symbol: XAUUSD.s, Lots: 0,1, Percent: -0,04, Points: -1
[2025-08-05 17:40:26.055] [INFO] OrderSummary panel hidden
[2025-08-05 17:40:26.055] [INFO] OrderSummary panel hidden
[2025-08-05 17:40:27.049] [INFO] Found matching symbol: XAUUSD matches XAUUSD.s
[2025-08-05 17:40:27.056] [INFO] OrderSummary panel shown for symbol: XAUUSD.s, Lots: 0,1, Percent: -0,04, Points: -1
[2025-08-05 17:40:27.057] [INFO] OrderSummary panel hidden
[2025-08-05 17:40:27.057] [INFO] OrderSummary panel hidden
[2025-08-05 17:40:28.039] [INFO] Found matching symbol: XAUUSD matches XAUUSD.s
[2025-08-05 17:40:28.045] [INFO] OrderSummary panel shown for symbol: XAUUSD.s, Lots: 0,1, Percent: 0, Points: 0
[2025-08-05 17:40:28.047] [INFO] OrderSummary panel hidden
[2025-08-05 17:40:28.047] [INFO] OrderSummary panel hidden
[2025-08-05 17:40:29.045] [INFO] Found matching symbol: XAUUSD matches XAUUSD.s
[2025-08-05 17:40:29.053] [INFO] OrderSummary panel shown for symbol: XAUUSD.s, Lots: 0,1, Percent: -0,19, Points: -5
[2025-08-05 17:40:29.054] [INFO] OrderSummary panel hidden
[2025-08-05 17:40:29.054] [INFO] OrderSummary panel hidden
[2025-08-05 17:40:30.063] [INFO] Found matching symbol: XAUUSD matches XAUUSD.s
[2025-08-05 17:40:30.069] [INFO] OrderSummary panel shown for symbol: XAUUSD.s, Lots: 0,1, Percent: -0,31, Points: -7
[2025-08-05 17:40:30.069] [INFO] OrderSummary panel hidden
[2025-08-05 17:40:30.069] [INFO] OrderSummary panel hidden
[2025-08-05 17:40:31.042] [INFO] Found matching symbol: XAUUSD matches XAUUSD.s
[2025-08-05 17:40:31.049] [INFO] OrderSummary panel shown for symbol: XAUUSD.s, Lots: 0,1, Percent: -0,15, Points: -3
[2025-08-05 17:40:31.049] [INFO] OrderSummary panel hidden
[2025-08-05 17:40:31.049] [INFO] OrderSummary panel hidden
[2025-08-05 17:40:32.048] [INFO] Found matching symbol: XAUUSD matches XAUUSD.s
[2025-08-05 17:40:32.054] [INFO] OrderSummary panel shown for symbol: XAUUSD.s, Lots: 0,1, Percent: 0, Points: 0
[2025-08-05 17:40:32.055] [INFO] OrderSummary panel hidden
[2025-08-05 17:40:32.056] [INFO] OrderSummary panel hidden
[2025-08-05 17:40:33.044] [INFO] Found matching symbol: XAUUSD matches XAUUSD.s
[2025-08-05 17:40:33.050] [INFO] OrderSummary panel shown for symbol: XAUUSD.s, Lots: 0,1, Percent: 0,04, Points: 1
[2025-08-05 17:40:33.050] [INFO] OrderSummary panel hidden
[2025-08-05 17:40:33.050] [INFO] OrderSummary panel hidden
[2025-08-05 17:40:34.054] [INFO] Found matching symbol: XAUUSD matches XAUUSD.s
[2025-08-05 17:40:34.061] [INFO] OrderSummary panel shown for symbol: XAUUSD.s, Lots: 0,1, Percent: -2,52, Points: -65
[2025-08-05 17:40:34.061] [INFO] OrderSummary panel hidden
[2025-08-05 17:40:34.061] [INFO] OrderSummary panel hidden
[2025-08-05 17:40:35.053] [INFO] Found matching symbol: XAUUSD matches XAUUSD.s
[2025-08-05 17:40:35.061] [INFO] OrderSummary panel shown for symbol: XAUUSD.s, Lots: 0,1, Percent: -1,95, Points: -51
[2025-08-05 17:40:35.062] [INFO] OrderSummary panel hidden
[2025-08-05 17:40:35.062] [INFO] OrderSummary panel hidden
[2025-08-05 17:40:36.048] [INFO] Found matching symbol: XAUUSD matches XAUUSD.s
[2025-08-05 17:40:36.054] [INFO] OrderSummary panel shown for symbol: XAUUSD.s, Lots: 0,1, Percent: -0,65, Points: -17
[2025-08-05 17:40:36.055] [INFO] OrderSummary panel hidden
[2025-08-05 17:40:36.055] [INFO] OrderSummary panel hidden
[2025-08-05 17:40:37.044] [INFO] Found matching symbol: XAUUSD matches XAUUSD.s
[2025-08-05 17:40:37.050] [INFO] OrderSummary panel shown for symbol: XAUUSD.s, Lots: 0,1, Percent: -0,84, Points: -21
[2025-08-05 17:40:37.051] [INFO] OrderSummary panel hidden
[2025-08-05 17:40:37.051] [INFO] OrderSummary panel hidden
[2025-08-05 17:40:38.040] [INFO] Found matching symbol: XAUUSD matches XAUUSD.s
[2025-08-05 17:40:38.046] [INFO] OrderSummary panel shown for symbol: XAUUSD.s, Lots: 0,1, Percent: -0,69, Points: -17
[2025-08-05 17:40:38.046] [INFO] OrderSummary panel hidden
[2025-08-05 17:40:38.047] [INFO] OrderSummary panel hidden
[2025-08-05 17:40:39.053] [INFO] Found matching symbol: XAUUSD matches XAUUSD.s
[2025-08-05 17:40:39.060] [INFO] OrderSummary panel shown for symbol: XAUUSD.s, Lots: 0,1, Percent: -0,11, Points: -3
[2025-08-05 17:40:39.061] [INFO] OrderSummary panel hidden
[2025-08-05 17:40:39.061] [INFO] OrderSummary panel hidden
[2025-08-05 17:40:40.050] [INFO] Found matching symbol: XAUUSD matches XAUUSD.s
[2025-08-05 17:40:40.056] [INFO] OrderSummary panel shown for symbol: XAUUSD.s, Lots: 0,1, Percent: -0,92, Points: -23
[2025-08-05 17:40:40.059] [INFO] OrderSummary panel hidden
[2025-08-05 17:40:40.059] [INFO] OrderSummary panel hidden
[2025-08-05 17:40:41.044] [INFO] Found matching symbol: XAUUSD matches XAUUSD.s
[2025-08-05 17:40:41.050] [INFO] OrderSummary panel shown for symbol: XAUUSD.s, Lots: 0,1, Percent: -0,96, Points: -25
[2025-08-05 17:40:41.052] [INFO] OrderSummary panel hidden
[2025-08-05 17:40:41.052] [INFO] OrderSummary panel hidden
[2025-08-05 17:40:42.064] [INFO] Found matching symbol: XAUUSD matches XAUUSD.s
[2025-08-05 17:40:42.071] [INFO] OrderSummary panel shown for symbol: XAUUSD.s, Lots: 0,1, Percent: -0,92, Points: -23
[2025-08-05 17:40:42.071] [INFO] OrderSummary panel hidden
[2025-08-05 17:40:42.071] [INFO] OrderSummary panel hidden
[2025-08-05 17:40:43.045] [INFO] Found matching symbol: XAUUSD matches XAUUSD.s
[2025-08-05 17:40:43.051] [INFO] OrderSummary panel shown for symbol: XAUUSD.s, Lots: 0,1, Percent: -1,03, Points: -26
[2025-08-05 17:40:43.052] [INFO] OrderSummary panel hidden
[2025-08-05 17:40:43.052] [INFO] OrderSummary panel hidden
[2025-08-05 17:40:44.042] [INFO] Found matching symbol: XAUUSD matches XAUUSD.s
[2025-08-05 17:40:44.049] [INFO] OrderSummary panel shown for symbol: XAUUSD.s, Lots: 0,1, Percent: -1,11, Points: -28
[2025-08-05 17:40:44.049] [INFO] OrderSummary panel hidden
[2025-08-05 17:40:44.050] [INFO] OrderSummary panel hidden
[2025-08-05 17:40:45.040] [INFO] Found matching symbol: XAUUSD matches XAUUSD.s
[2025-08-05 17:40:45.047] [INFO] OrderSummary panel shown for symbol: XAUUSD.s, Lots: 0,1, Percent: -1,11, Points: -28
[2025-08-05 17:40:45.047] [INFO] OrderSummary panel hidden
[2025-08-05 17:40:45.047] [INFO] OrderSummary panel hidden
[2025-08-05 17:40:46.051] [INFO] Found matching symbol: XAUUSD matches XAUUSD.s
[2025-08-05 17:40:46.058] [INFO] OrderSummary panel shown for symbol: XAUUSD.s, Lots: 0,1, Percent: -0,8, Points: -21
[2025-08-05 17:40:46.058] [INFO] OrderSummary panel hidden
[2025-08-05 17:40:46.058] [INFO] OrderSummary panel hidden
[2025-08-05 17:40:47.046] [INFO] Found matching symbol: XAUUSD matches XAUUSD.s
[2025-08-05 17:40:47.053] [INFO] OrderSummary panel shown for symbol: XAUUSD.s, Lots: 0,1, Percent: -1,18, Points: -30
[2025-08-05 17:40:47.055] [INFO] OrderSummary panel hidden
[2025-08-05 17:40:47.055] [INFO] OrderSummary panel hidden
[2025-08-05 17:40:48.053] [INFO] Found matching symbol: XAUUSD matches XAUUSD.s
[2025-08-05 17:40:48.059] [INFO] OrderSummary panel shown for symbol: XAUUSD.s, Lots: 0,1, Percent: -1,38, Points: -36
[2025-08-05 17:40:48.061] [INFO] OrderSummary panel hidden
[2025-08-05 17:40:48.061] [INFO] OrderSummary panel hidden
[2025-08-05 17:40:49.051] [INFO] Found matching symbol: XAUUSD matches XAUUSD.s
[2025-08-05 17:40:49.057] [INFO] OrderSummary panel shown for symbol: XAUUSD.s, Lots: 0,1, Percent: -1,41, Points: -36
[2025-08-05 17:40:49.057] [INFO] OrderSummary panel hidden
[2025-08-05 17:40:49.058] [INFO] OrderSummary panel hidden
[2025-08-05 17:40:50.046] [INFO] Found matching symbol: XAUUSD matches XAUUSD.s
[2025-08-05 17:40:50.053] [INFO] OrderSummary panel shown for symbol: XAUUSD.s, Lots: 0,1, Percent: -1,83, Points: -48
[2025-08-05 17:40:50.053] [INFO] OrderSummary panel hidden
[2025-08-05 17:40:50.054] [INFO] OrderSummary panel hidden
[2025-08-05 17:40:51.040] [INFO] Found matching symbol: XAUUSD matches XAUUSD.s
[2025-08-05 17:40:51.047] [INFO] OrderSummary panel shown for symbol: XAUUSD.s, Lots: 0,1, Percent: -1,8, Points: -46
[2025-08-05 17:40:51.048] [INFO] OrderSummary panel hidden
[2025-08-05 17:40:51.048] [INFO] OrderSummary panel hidden
[2025-08-05 17:40:52.050] [INFO] Found matching symbol: XAUUSD matches XAUUSD.s
[2025-08-05 17:40:52.056] [INFO] OrderSummary panel shown for symbol: XAUUSD.s, Lots: 0,1, Percent: -2,1, Points: -55
[2025-08-05 17:40:52.056] [INFO] OrderSummary panel hidden
[2025-08-05 17:40:52.056] [INFO] OrderSummary panel hidden
[2025-08-05 17:40:53.121] [INFO] Found matching symbol: XAUUSD matches XAUUSD.s
[2025-08-05 17:40:53.128] [INFO] OrderSummary panel shown for symbol: XAUUSD.s, Lots: 0,1, Percent: -2,67, Points: -69
[2025-08-05 17:40:53.129] [INFO] OrderSummary panel hidden
[2025-08-05 17:40:53.130] [INFO] OrderSummary panel hidden
[2025-08-05 17:40:54.042] [INFO] Found matching symbol: XAUUSD matches XAUUSD.s
[2025-08-05 17:40:54.048] [INFO] OrderSummary panel shown for symbol: XAUUSD.s, Lots: 0,1, Percent: -2,25, Points: -59
[2025-08-05 17:40:54.048] [INFO] OrderSummary panel hidden
[2025-08-05 17:40:54.048] [INFO] OrderSummary panel hidden
[2025-08-05 17:40:55.040] [INFO] Found matching symbol: XAUUSD matches XAUUSD.s
[2025-08-05 17:40:55.047] [INFO] OrderSummary panel shown for symbol: XAUUSD.s, Lots: 0,1, Percent: -2,6, Points: -67
[2025-08-05 17:40:55.048] [INFO] OrderSummary panel hidden
[2025-08-05 17:40:55.048] [INFO] OrderSummary panel hidden
[2025-08-05 17:40:56.071] [INFO] Found matching symbol: XAUUSD matches XAUUSD.s
[2025-08-05 17:40:56.077] [INFO] OrderSummary panel shown for symbol: XAUUSD.s, Lots: 0,1, Percent: -2,94, Points: -76
[2025-08-05 17:40:56.078] [INFO] OrderSummary panel hidden
[2025-08-05 17:40:56.078] [INFO] OrderSummary panel hidden
[2025-08-05 17:40:57.045] [INFO] Found matching symbol: XAUUSD matches XAUUSD.s
[2025-08-05 17:40:57.052] [INFO] OrderSummary panel shown for symbol: XAUUSD.s, Lots: 0,1, Percent: -3,25, Points: -84
[2025-08-05 17:40:57.053] [INFO] OrderSummary panel hidden
[2025-08-05 17:40:57.054] [INFO] OrderSummary panel hidden
[2025-08-05 17:40:58.043] [INFO] Found matching symbol: XAUUSD matches XAUUSD.s
[2025-08-05 17:40:58.052] [INFO] OrderSummary panel shown for symbol: XAUUSD.s, Lots: 0,1, Percent: -3,29, Points: -86
[2025-08-05 17:40:58.054] [INFO] OrderSummary panel hidden
[2025-08-05 17:40:58.054] [INFO] OrderSummary panel hidden
[2025-08-05 17:40:59.048] [INFO] Found matching symbol: XAUUSD matches XAUUSD.s
[2025-08-05 17:40:59.055] [INFO] OrderSummary panel shown for symbol: XAUUSD.s, Lots: 0,1, Percent: -3,09, Points: -80
[2025-08-05 17:40:59.055] [INFO] OrderSummary panel hidden
[2025-08-05 17:40:59.055] [INFO] OrderSummary panel hidden
[2025-08-05 17:41:00.044] [INFO] Found matching symbol: XAUUSD matches XAUUSD.s
[2025-08-05 17:41:00.051] [INFO] OrderSummary panel shown for symbol: XAUUSD.s, Lots: 0,1, Percent: -3,06, Points: -80
[2025-08-05 17:41:00.052] [INFO] OrderSummary panel hidden
[2025-08-05 17:41:00.052] [INFO] OrderSummary panel hidden
[2025-08-05 17:41:01.039] [INFO] Found matching symbol: XAUUSD matches XAUUSD.s
[2025-08-05 17:41:01.046] [INFO] OrderSummary panel shown for symbol: XAUUSD.s, Lots: 0,1, Percent: -2,83, Points: -73
[2025-08-05 17:41:01.048] [INFO] OrderSummary panel hidden
[2025-08-05 17:41:01.048] [INFO] OrderSummary panel hidden
[2025-08-05 17:41:02.051] [INFO] Found matching symbol: XAUUSD matches XAUUSD.s
[2025-08-05 17:41:02.057] [INFO] OrderSummary panel shown for symbol: XAUUSD.s, Lots: 0,1, Percent: -2,98, Points: -78
[2025-08-05 17:41:02.057] [INFO] OrderSummary panel hidden
[2025-08-05 17:41:02.058] [INFO] OrderSummary panel hidden
[2025-08-05 17:41:03.046] [INFO] Found matching symbol: XAUUSD matches XAUUSD.s
[2025-08-05 17:41:03.053] [INFO] OrderSummary panel shown for symbol: XAUUSD.s, Lots: 0,1, Percent: -2,37, Points: -61
[2025-08-05 17:41:03.053] [INFO] OrderSummary panel hidden
[2025-08-05 17:41:03.053] [INFO] OrderSummary panel hidden
[2025-08-05 17:41:04.042] [INFO] Found matching symbol: XAUUSD matches XAUUSD.s
[2025-08-05 17:41:04.050] [INFO] OrderSummary panel shown for symbol: XAUUSD.s, Lots: 0,1, Percent: -1,53, Points: -40
[2025-08-05 17:41:04.052] [INFO] OrderSummary panel hidden
[2025-08-05 17:41:04.052] [INFO] OrderSummary panel hidden
[2025-08-05 17:41:05.050] [INFO] Found matching symbol: XAUUSD matches XAUUSD.s
[2025-08-05 17:41:05.056] [INFO] OrderSummary panel shown for symbol: XAUUSD.s, Lots: 0,1, Percent: -1,45, Points: -38
[2025-08-05 17:41:05.056] [INFO] OrderSummary panel hidden
[2025-08-05 17:41:05.057] [INFO] OrderSummary panel hidden
[2025-08-05 17:41:06.050] [INFO] Found matching symbol: XAUUSD matches XAUUSD.s
[2025-08-05 17:41:06.057] [INFO] OrderSummary panel shown for symbol: XAUUSD.s, Lots: 0,1, Percent: -1,15, Points: -30
[2025-08-05 17:41:06.057] [INFO] OrderSummary panel hidden
[2025-08-05 17:41:06.057] [INFO] OrderSummary panel hidden
[2025-08-05 17:41:07.044] [INFO] Found matching symbol: XAUUSD matches XAUUSD.s
[2025-08-05 17:41:07.050] [INFO] OrderSummary panel shown for symbol: XAUUSD.s, Lots: 0,1, Percent: -1,18, Points: -30
[2025-08-05 17:41:07.050] [INFO] OrderSummary panel hidden
[2025-08-05 17:41:07.050] [INFO] OrderSummary panel hidden
[2025-08-05 17:41:08.045] [INFO] Found matching symbol: XAUUSD matches XAUUSD.s
[2025-08-05 17:41:08.052] [INFO] OrderSummary panel shown for symbol: XAUUSD.s, Lots: 0,1, Percent: -1,26, Points: -32
[2025-08-05 17:41:08.052] [INFO] OrderSummary panel hidden
[2025-08-05 17:41:08.052] [INFO] OrderSummary panel hidden
[2025-08-05 17:41:09.046] [INFO] Found matching symbol: XAUUSD matches XAUUSD.s
[2025-08-05 17:41:09.052] [INFO] OrderSummary panel shown for symbol: XAUUSD.s, Lots: 0,1, Percent: -1,15, Points: -30
[2025-08-05 17:41:09.052] [INFO] OrderSummary panel hidden
[2025-08-05 17:41:09.052] [INFO] OrderSummary panel hidden
[2025-08-05 17:41:10.043] [INFO] Found matching symbol: XAUUSD matches XAUUSD.s
[2025-08-05 17:41:10.051] [INFO] OrderSummary panel shown for symbol: XAUUSD.s, Lots: 0,1, Percent: -2,29, Points: -59
[2025-08-05 17:41:10.054] [INFO] OrderSummary panel hidden
[2025-08-05 17:41:10.054] [INFO] OrderSummary panel hidden
[2025-08-05 17:41:11.049] [INFO] Found matching symbol: XAUUSD matches XAUUSD.s
[2025-08-05 17:41:11.055] [INFO] OrderSummary panel shown for symbol: XAUUSD.s, Lots: 0,1, Percent: -2,29, Points: -59
[2025-08-05 17:41:11.056] [INFO] OrderSummary panel hidden
[2025-08-05 17:41:11.056] [INFO] OrderSummary panel hidden
[2025-08-05 17:41:12.064] [INFO] Found matching symbol: XAUUSD matches XAUUSD.s
[2025-08-05 17:41:12.071] [INFO] OrderSummary panel shown for symbol: XAUUSD.s, Lots: 0,1, Percent: -2,79, Points: -73
[2025-08-05 17:41:12.071] [INFO] OrderSummary panel hidden
[2025-08-05 17:41:12.071] [INFO] OrderSummary panel hidden
[2025-08-05 17:41:13.051] [INFO] Found matching symbol: XAUUSD matches XAUUSD.s
[2025-08-05 17:41:13.059] [INFO] OrderSummary panel shown for symbol: XAUUSD.s, Lots: 0,1, Percent: -2,44, Points: -63
[2025-08-05 17:41:13.059] [INFO] OrderSummary panel hidden
[2025-08-05 17:41:13.059] [INFO] OrderSummary panel hidden
[2025-08-05 17:41:14.046] [INFO] Found matching symbol: XAUUSD matches XAUUSD.s
[2025-08-05 17:41:14.053] [INFO] OrderSummary panel shown for symbol: XAUUSD.s, Lots: 0,1, Percent: -2,79, Points: -73
[2025-08-05 17:41:14.054] [INFO] OrderSummary panel hidden
[2025-08-05 17:41:14.054] [INFO] OrderSummary panel hidden
[2025-08-05 17:41:15.045] [INFO] Found matching symbol: XAUUSD matches XAUUSD.s
[2025-08-05 17:41:15.051] [INFO] OrderSummary panel shown for symbol: XAUUSD.s, Lots: 0,1, Percent: -3,06, Points: -80
[2025-08-05 17:41:15.052] [INFO] OrderSummary panel hidden
[2025-08-05 17:41:15.052] [INFO] OrderSummary panel hidden
[2025-08-05 17:41:16.046] [INFO] Found matching symbol: XAUUSD matches XAUUSD.s
[2025-08-05 17:41:16.054] [INFO] OrderSummary panel shown for symbol: XAUUSD.s, Lots: 0,1, Percent: -3,17, Points: -82
[2025-08-05 17:41:16.056] [INFO] OrderSummary panel hidden
[2025-08-05 17:41:16.056] [INFO] OrderSummary panel hidden
[2025-08-05 17:41:17.041] [INFO] Found matching symbol: XAUUSD matches XAUUSD.s
[2025-08-05 17:41:17.047] [INFO] OrderSummary panel shown for symbol: XAUUSD.s, Lots: 0,1, Percent: -3,13, Points: -82
[2025-08-05 17:41:17.048] [INFO] OrderSummary panel hidden
[2025-08-05 17:41:17.048] [INFO] OrderSummary panel hidden
[2025-08-05 17:41:18.065] [INFO] Found matching symbol: XAUUSD matches XAUUSD.s
[2025-08-05 17:41:18.072] [INFO] OrderSummary panel shown for symbol: XAUUSD.s, Lots: 0,1, Percent: -3,09, Points: -80
[2025-08-05 17:41:18.072] [INFO] OrderSummary panel hidden
[2025-08-05 17:41:18.072] [INFO] OrderSummary panel hidden
[2025-08-05 17:41:19.046] [INFO] Found matching symbol: XAUUSD matches XAUUSD.s
[2025-08-05 17:41:19.052] [INFO] OrderSummary panel shown for symbol: XAUUSD.s, Lots: 0,1, Percent: -3,09, Points: -80
[2025-08-05 17:41:19.053] [INFO] OrderSummary panel hidden
[2025-08-05 17:41:19.053] [INFO] OrderSummary panel hidden
[2025-08-05 17:41:20.040] [INFO] Found matching symbol: XAUUSD matches XAUUSD.s
[2025-08-05 17:41:20.046] [INFO] OrderSummary panel shown for symbol: XAUUSD.s, Lots: 0,1, Percent: -2,9, Points: -76
[2025-08-05 17:41:20.046] [INFO] OrderSummary panel hidden
[2025-08-05 17:41:20.046] [INFO] OrderSummary panel hidden
[2025-08-05 17:41:21.049] [INFO] Found matching symbol: XAUUSD matches XAUUSD.s
[2025-08-05 17:41:21.055] [INFO] OrderSummary panel shown for symbol: XAUUSD.s, Lots: 0,1, Percent: -2,64, Points: -69
[2025-08-05 17:41:21.055] [INFO] OrderSummary panel hidden
[2025-08-05 17:41:21.057] [INFO] OrderSummary panel hidden
[2025-08-05 17:41:22.041] [INFO] Found matching symbol: XAUUSD matches XAUUSD.s
[2025-08-05 17:41:22.049] [INFO] OrderSummary panel shown for symbol: XAUUSD.s, Lots: 0,1, Percent: -1,72, Points: -44
[2025-08-05 17:41:22.049] [INFO] OrderSummary panel hidden
[2025-08-05 17:41:22.050] [INFO] OrderSummary panel hidden
[2025-08-05 17:41:23.048] [INFO] Found matching symbol: XAUUSD matches XAUUSD.s
[2025-08-05 17:41:23.055] [INFO] OrderSummary panel shown for symbol: XAUUSD.s, Lots: 0,1, Percent: -1,22, Points: -32
[2025-08-05 17:41:23.057] [INFO] OrderSummary panel hidden
[2025-08-05 17:41:23.057] [INFO] OrderSummary panel hidden
[2025-08-05 17:41:24.041] [INFO] Found matching symbol: XAUUSD matches XAUUSD.s
[2025-08-05 17:41:24.048] [INFO] OrderSummary panel shown for symbol: XAUUSD.s, Lots: 0,1, Percent: -1,64, Points: -42
[2025-08-05 17:41:24.050] [INFO] OrderSummary panel hidden
[2025-08-05 17:41:24.050] [INFO] OrderSummary panel hidden
[2025-08-05 17:41:25.059] [INFO] Found matching symbol: XAUUSD matches XAUUSD.s
[2025-08-05 17:41:25.065] [INFO] OrderSummary panel shown for symbol: XAUUSD.s, Lots: 0,1, Percent: -1,22, Points: -32
[2025-08-05 17:41:25.066] [INFO] OrderSummary panel hidden
[2025-08-05 17:41:25.066] [INFO] OrderSummary panel hidden
[2025-08-05 17:41:26.053] [INFO] Found matching symbol: XAUUSD matches XAUUSD.s
[2025-08-05 17:41:26.059] [INFO] OrderSummary panel shown for symbol: XAUUSD.s, Lots: 0,1, Percent: -1,18, Points: -30
[2025-08-05 17:41:26.060] [INFO] OrderSummary panel hidden
[2025-08-05 17:41:26.061] [INFO] OrderSummary panel hidden
[2025-08-05 17:41:27.057] [INFO] Found matching symbol: XAUUSD matches XAUUSD.s
[2025-08-05 17:41:27.064] [INFO] OrderSummary panel shown for symbol: XAUUSD.s, Lots: 0,1, Percent: -2,33, Points: -61
[2025-08-05 17:41:27.064] [INFO] OrderSummary panel hidden
[2025-08-05 17:41:27.064] [INFO] OrderSummary panel hidden
[2025-08-05 17:41:28.058] [INFO] Found matching symbol: XAUUSD matches XAUUSD.s
[2025-08-05 17:41:28.066] [INFO] OrderSummary panel shown for symbol: XAUUSD.s, Lots: 0,1, Percent: -2,22, Points: -57
[2025-08-05 17:41:28.067] [INFO] OrderSummary panel hidden
[2025-08-05 17:41:28.068] [INFO] OrderSummary panel hidden
[2025-08-05 17:41:29.062] [INFO] Found matching symbol: XAUUSD matches XAUUSD.s
[2025-08-05 17:41:29.069] [INFO] OrderSummary panel shown for symbol: XAUUSD.s, Lots: 0,1, Percent: -2,29, Points: -59
[2025-08-05 17:41:29.071] [INFO] OrderSummary panel hidden
[2025-08-05 17:41:29.071] [INFO] OrderSummary panel hidden
[2025-08-05 17:41:30.054] [INFO] Found matching symbol: XAUUSD matches XAUUSD.s
[2025-08-05 17:41:30.061] [INFO] OrderSummary panel shown for symbol: XAUUSD.s, Lots: 0,1, Percent: -2,79, Points: -73
[2025-08-05 17:41:30.061] [INFO] OrderSummary panel hidden
[2025-08-05 17:41:30.061] [INFO] OrderSummary panel hidden
[2025-08-05 17:41:31.104] [INFO] Found matching symbol: XAUUSD matches XAUUSD.s
[2025-08-05 17:41:31.111] [INFO] OrderSummary panel shown for symbol: XAUUSD.s, Lots: 0,1, Percent: -2,79, Points: -73
[2025-08-05 17:41:31.111] [INFO] OrderSummary panel hidden
[2025-08-05 17:41:31.111] [INFO] OrderSummary panel hidden
[2025-08-05 17:41:32.089] [INFO] Found matching symbol: XAUUSD matches XAUUSD.s
[2025-08-05 17:41:32.095] [INFO] OrderSummary panel shown for symbol: XAUUSD.s, Lots: 0,1, Percent: -2,56, Points: -67
[2025-08-05 17:41:32.096] [INFO] OrderSummary panel hidden
[2025-08-05 17:41:32.097] [INFO] OrderSummary panel hidden
[2025-08-05 17:41:33.048] [INFO] Found matching symbol: XAUUSD matches XAUUSD.s
[2025-08-05 17:41:33.055] [INFO] OrderSummary panel shown for symbol: XAUUSD.s, Lots: 0,1, Percent: -2,44, Points: -63
[2025-08-05 17:41:33.056] [INFO] OrderSummary panel hidden
[2025-08-05 17:41:33.056] [INFO] OrderSummary panel hidden
[2025-08-05 17:41:34.043] [INFO] Found matching symbol: XAUUSD matches XAUUSD.s
[2025-08-05 17:41:34.052] [INFO] OrderSummary panel shown for symbol: XAUUSD.s, Lots: 0,1, Percent: -2,33, Points: -61
[2025-08-05 17:41:34.053] [INFO] OrderSummary panel hidden
[2025-08-05 17:41:34.053] [INFO] OrderSummary panel hidden
[2025-08-05 17:41:35.053] [INFO] Found matching symbol: XAUUSD matches XAUUSD.s
[2025-08-05 17:41:35.060] [INFO] OrderSummary panel shown for symbol: XAUUSD.s, Lots: 0,1, Percent: -2,37, Points: -61
[2025-08-05 17:41:35.061] [INFO] OrderSummary panel hidden
[2025-08-05 17:41:35.061] [INFO] OrderSummary panel hidden
[2025-08-05 17:41:36.050] [INFO] Found matching symbol: XAUUSD matches XAUUSD.s
[2025-08-05 17:41:36.057] [INFO] OrderSummary panel shown for symbol: XAUUSD.s, Lots: 0,1, Percent: -2,22, Points: -57
[2025-08-05 17:41:36.058] [INFO] OrderSummary panel hidden
[2025-08-05 17:41:36.059] [INFO] OrderSummary panel hidden
[2025-08-05 17:41:37.075] [INFO] Found matching symbol: XAUUSD matches XAUUSD.s
[2025-08-05 17:41:37.081] [INFO] OrderSummary panel shown for symbol: XAUUSD.s, Lots: 0,1, Percent: -1,87, Points: -48
[2025-08-05 17:41:37.081] [INFO] OrderSummary panel hidden
[2025-08-05 17:41:37.081] [INFO] OrderSummary panel hidden
[2025-08-05 17:41:38.053] [INFO] Found matching symbol: XAUUSD matches XAUUSD.s
[2025-08-05 17:41:38.060] [INFO] OrderSummary panel shown for symbol: XAUUSD.s, Lots: 0,1, Percent: -1,72, Points: -44
[2025-08-05 17:41:38.061] [INFO] OrderSummary panel hidden
[2025-08-05 17:41:38.061] [INFO] OrderSummary panel hidden
[2025-08-05 17:41:39.059] [INFO] Found matching symbol: XAUUSD matches XAUUSD.s
[2025-08-05 17:41:39.066] [INFO] OrderSummary panel shown for symbol: XAUUSD.s, Lots: 0,1, Percent: -1,41, Points: -36
[2025-08-05 17:41:39.066] [INFO] OrderSummary panel hidden
[2025-08-05 17:41:39.066] [INFO] OrderSummary panel hidden
[2025-08-05 17:41:40.049] [INFO] Found matching symbol: XAUUSD matches XAUUSD.s
[2025-08-05 17:41:40.056] [INFO] OrderSummary panel shown for symbol: XAUUSD.s, Lots: 0,1, Percent: -1,64, Points: -42
[2025-08-05 17:41:40.058] [INFO] OrderSummary panel hidden
[2025-08-05 17:41:40.058] [INFO] OrderSummary panel hidden
[2025-08-05 17:41:41.050] [INFO] Found matching symbol: XAUUSD matches XAUUSD.s
[2025-08-05 17:41:41.056] [INFO] OrderSummary panel shown for symbol: XAUUSD.s, Lots: 0,1, Percent: -1,49, Points: -38
[2025-08-05 17:41:41.058] [INFO] OrderSummary panel hidden
[2025-08-05 17:41:41.058] [INFO] OrderSummary panel hidden
[2025-08-05 17:41:42.041] [INFO] Found matching symbol: XAUUSD matches XAUUSD.s
[2025-08-05 17:41:42.048] [INFO] OrderSummary panel shown for symbol: XAUUSD.s, Lots: 0,1, Percent: -1,41, Points: -36
[2025-08-05 17:41:42.048] [INFO] OrderSummary panel hidden
[2025-08-05 17:41:42.050] [INFO] OrderSummary panel hidden
[2025-08-05 17:41:43.041] [INFO] Found matching symbol: XAUUSD matches XAUUSD.s
[2025-08-05 17:41:43.049] [INFO] OrderSummary panel shown for symbol: XAUUSD.s, Lots: 0,1, Percent: -0,96, Points: -25
[2025-08-05 17:41:43.050] [INFO] OrderSummary panel hidden
[2025-08-05 17:41:43.051] [INFO] OrderSummary panel hidden
[2025-08-05 17:41:44.125] [INFO] Found matching symbol: XAUUSD matches XAUUSD.s
[2025-08-05 17:41:44.132] [INFO] OrderSummary panel shown for symbol: XAUUSD.s, Lots: 0,1, Percent: -0,99, Points: -26
[2025-08-05 17:41:44.134] [INFO] OrderSummary panel hidden
[2025-08-05 17:41:44.134] [INFO] OrderSummary panel hidden
[2025-08-05 17:41:45.047] [INFO] Found matching symbol: XAUUSD matches XAUUSD.s
[2025-08-05 17:41:45.054] [INFO] OrderSummary panel shown for symbol: XAUUSD.s, Lots: 0,1, Percent: -0,88, Points: -23
[2025-08-05 17:41:45.054] [INFO] OrderSummary panel hidden
[2025-08-05 17:41:45.054] [INFO] OrderSummary panel hidden
[2025-08-05 17:41:46.061] [INFO] Found matching symbol: XAUUSD matches XAUUSD.s
[2025-08-05 17:41:46.069] [INFO] OrderSummary panel shown for symbol: XAUUSD.s, Lots: 0,1, Percent: -1,07, Points: -28
[2025-08-05 17:41:46.070] [INFO] OrderSummary panel hidden
[2025-08-05 17:41:46.070] [INFO] OrderSummary panel hidden
[2025-08-05 17:41:46.099] [INFO] SetSymbol called for XAUUSD, current broker: Forex
[2025-08-05 17:41:46.099] [INFO] Skipping open symbol command - Forex broker selected
[2025-08-05 17:41:46.099] [INFO] OrderSummary panel hidden
[2025-08-05 17:41:46.099] [INFO] Price display panel hidden
[2025-08-05 17:41:46.099] [INFO] Loaded settings for HandleID 262848: Risk=30, Duration=2, Broker=Forex
[2025-08-05 17:41:46.100] [INFO] SetSymbol called for XAUUSD, current broker: Forex
[2025-08-05 17:41:46.100] [INFO] Skipping open symbol command - Forex broker selected
[2025-08-05 17:41:46.100] [INFO] OrderSummary panel hidden
[2025-08-05 17:41:46.100] [INFO] Price display panel hidden
[2025-08-05 17:41:46.100] [INFO] Loaded settings for HandleID 262848: Risk=30, Duration=2, Broker=Forex
[2025-08-05 17:41:47.136] [INFO] Found matching symbol: XAUUSD matches XAUUSD.s
[2025-08-05 17:41:47.143] [INFO] OrderSummary panel shown for symbol: XAUUSD.s, Lots: 0,1, Percent: -1,03, Points: -26
[2025-08-05 17:41:47.147] [INFO] OrderSummary panel hidden
[2025-08-05 17:41:47.147] [INFO] OrderSummary panel hidden
[2025-08-05 17:41:48.045] [INFO] Found matching symbol: XAUUSD matches XAUUSD.s
[2025-08-05 17:41:48.052] [INFO] OrderSummary panel shown for symbol: XAUUSD.s, Lots: 0,1, Percent: -0,99, Points: -26
[2025-08-05 17:41:48.053] [INFO] OrderSummary panel hidden
[2025-08-05 17:41:48.053] [INFO] OrderSummary panel hidden
[2025-08-05 17:41:49.155] [INFO] Found matching symbol: XAUUSD matches XAUUSD.s
[2025-08-05 17:41:49.162] [INFO] OrderSummary panel shown for symbol: XAUUSD.s, Lots: 0,1, Percent: -0,99, Points: -26
[2025-08-05 17:41:49.163] [INFO] OrderSummary panel hidden
[2025-08-05 17:41:49.163] [INFO] OrderSummary panel hidden
[2025-08-05 17:41:50.050] [INFO] Found matching symbol: XAUUSD matches XAUUSD.s
[2025-08-05 17:41:50.057] [INFO] OrderSummary panel shown for symbol: XAUUSD.s, Lots: 0,1, Percent: -0,27, Points: -7
[2025-08-05 17:41:50.058] [INFO] OrderSummary panel hidden
[2025-08-05 17:41:50.059] [INFO] OrderSummary panel hidden
[2025-08-05 17:41:51.098] [INFO] Found matching symbol: XAUUSD matches XAUUSD.s
[2025-08-05 17:41:51.104] [INFO] OrderSummary panel shown for symbol: XAUUSD.s, Lots: 0,1, Percent: -0,5, Points: -13
[2025-08-05 17:41:51.106] [INFO] OrderSummary panel hidden
[2025-08-05 17:41:51.106] [INFO] OrderSummary panel hidden
[2025-08-05 17:41:52.085] [INFO] Found matching symbol: XAUUSD matches XAUUSD.s
[2025-08-05 17:41:52.092] [INFO] OrderSummary panel shown for symbol: XAUUSD.s, Lots: 0,1, Percent: 0, Points: 0
[2025-08-05 17:41:52.093] [INFO] OrderSummary panel hidden
[2025-08-05 17:41:52.093] [INFO] OrderSummary panel hidden
[2025-08-05 17:41:53.068] [INFO] Found matching symbol: XAUUSD matches XAUUSD.s
[2025-08-05 17:41:53.076] [INFO] OrderSummary panel shown for symbol: XAUUSD.s, Lots: 0,1, Percent: -0,11, Points: -3
[2025-08-05 17:41:53.076] [INFO] OrderSummary panel hidden
[2025-08-05 17:41:53.076] [INFO] OrderSummary panel hidden
[2025-08-05 17:41:54.053] [INFO] Found matching symbol: XAUUSD matches XAUUSD.s
[2025-08-05 17:41:54.060] [INFO] OrderSummary panel shown for symbol: XAUUSD.s, Lots: 0,1, Percent: -0,27, Points: -7
[2025-08-05 17:41:54.060] [INFO] OrderSummary panel hidden
[2025-08-05 17:41:54.060] [INFO] OrderSummary panel hidden
[2025-08-05 17:41:55.053] [INFO] Found matching symbol: XAUUSD matches XAUUSD.s
[2025-08-05 17:41:55.059] [INFO] OrderSummary panel shown for symbol: XAUUSD.s, Lots: 0,1, Percent: -0,27, Points: -7
[2025-08-05 17:41:55.060] [INFO] OrderSummary panel hidden
[2025-08-05 17:41:55.060] [INFO] OrderSummary panel hidden
[2025-08-05 17:41:56.092] [INFO] Found matching symbol: XAUUSD matches XAUUSD.s
[2025-08-05 17:41:56.099] [INFO] OrderSummary panel shown for symbol: XAUUSD.s, Lots: 0,1, Percent: -0,31, Points: -7
[2025-08-05 17:41:56.101] [INFO] OrderSummary panel hidden
[2025-08-05 17:41:56.101] [INFO] OrderSummary panel hidden
[2025-08-05 17:41:57.045] [INFO] Found matching symbol: XAUUSD matches XAUUSD.s
[2025-08-05 17:41:57.052] [INFO] OrderSummary panel shown for symbol: XAUUSD.s, Lots: 0,1, Percent: -0,65, Points: -17
[2025-08-05 17:41:57.053] [INFO] OrderSummary panel hidden
[2025-08-05 17:41:57.053] [INFO] OrderSummary panel hidden
[2025-08-05 17:41:58.052] [INFO] Found matching symbol: XAUUSD matches XAUUSD.s
[2025-08-05 17:41:58.059] [INFO] OrderSummary panel shown for symbol: XAUUSD.s, Lots: 0,1, Percent: -0,76, Points: -19
[2025-08-05 17:41:58.061] [INFO] OrderSummary panel hidden
[2025-08-05 17:41:58.062] [INFO] OrderSummary panel hidden
[2025-08-05 17:41:58.689] [INFO] SetSymbol called for XAUUSD, current broker: Forex
[2025-08-05 17:41:58.689] [INFO] Skipping open symbol command - Forex broker selected
[2025-08-05 17:41:58.689] [INFO] OrderSummary panel hidden
[2025-08-05 17:41:58.689] [INFO] Price display panel hidden
[2025-08-05 17:41:58.689] [INFO] Loaded settings for HandleID 262758: Risk=10, Duration=2, Broker=Forex
[2025-08-05 17:41:58.690] [INFO] SetSymbol called for XAUUSD, current broker: Forex
[2025-08-05 17:41:58.690] [INFO] Skipping open symbol command - Forex broker selected
[2025-08-05 17:41:58.690] [INFO] OrderSummary panel hidden
[2025-08-05 17:41:58.690] [INFO] Price display panel hidden
[2025-08-05 17:41:58.690] [INFO] Loaded settings for HandleID 262758: Risk=10, Duration=2, Broker=Forex
[2025-08-05 17:41:59.063] [INFO] Found matching symbol: XAUUSD matches XAUUSD.s
[2025-08-05 17:41:59.070] [INFO] OrderSummary panel shown for symbol: XAUUSD.s, Lots: 0,1, Percent: -0,99, Points: -26
[2025-08-05 17:41:59.072] [INFO] OrderSummary panel hidden
[2025-08-05 17:41:59.072] [INFO] OrderSummary panel hidden
[2025-08-05 17:42:00.049] [INFO] Found matching symbol: XAUUSD matches XAUUSD.s
[2025-08-05 17:42:00.056] [INFO] OrderSummary panel shown for symbol: XAUUSD.s, Lots: 0,1, Percent: -0,92, Points: -23
[2025-08-05 17:42:00.058] [INFO] OrderSummary panel hidden
[2025-08-05 17:42:00.058] [INFO] OrderSummary panel hidden
[2025-08-05 17:42:01.125] [INFO] Found matching symbol: XAUUSD matches XAUUSD.s
[2025-08-05 17:42:01.134] [INFO] OrderSummary panel shown for symbol: XAUUSD.s, Lots: 0,1, Percent: -1,6, Points: -42
[2025-08-05 17:42:01.136] [INFO] OrderSummary panel hidden
[2025-08-05 17:42:01.137] [INFO] OrderSummary panel hidden
[2025-08-05 17:42:02.044] [INFO] Found matching symbol: XAUUSD matches XAUUSD.s
[2025-08-05 17:42:02.052] [INFO] OrderSummary panel shown for symbol: XAUUSD.s, Lots: 0,1, Percent: -1,57, Points: -40
[2025-08-05 17:42:02.052] [INFO] OrderSummary panel hidden
[2025-08-05 17:42:02.052] [INFO] OrderSummary panel hidden
[2025-08-05 17:42:03.083] [INFO] Found matching symbol: XAUUSD matches XAUUSD.s
[2025-08-05 17:42:03.091] [INFO] OrderSummary panel shown for symbol: XAUUSD.s, Lots: 0,1, Percent: -1,68, Points: -44
[2025-08-05 17:42:03.093] [INFO] OrderSummary panel hidden
[2025-08-05 17:42:03.093] [INFO] OrderSummary panel hidden
[2025-08-05 17:42:04.039] [INFO] Found matching symbol: XAUUSD matches XAUUSD.s
[2025-08-05 17:42:04.045] [INFO] OrderSummary panel shown for symbol: XAUUSD.s, Lots: 0,1, Percent: -1,68, Points: -44
[2025-08-05 17:42:04.045] [INFO] OrderSummary panel hidden
[2025-08-05 17:42:04.046] [INFO] OrderSummary panel hidden
[2025-08-05 17:42:05.042] [INFO] Found matching symbol: XAUUSD matches XAUUSD.s
[2025-08-05 17:42:05.049] [INFO] OrderSummary panel shown for symbol: XAUUSD.s, Lots: 0,1, Percent: -1,15, Points: -30
[2025-08-05 17:42:05.050] [INFO] OrderSummary panel hidden
[2025-08-05 17:42:05.050] [INFO] OrderSummary panel hidden
[2025-08-05 17:42:06.041] [INFO] Found matching symbol: XAUUSD matches XAUUSD.s
[2025-08-05 17:42:06.049] [INFO] OrderSummary panel shown for symbol: XAUUSD.s, Lots: 0,1, Percent: -1,3, Points: -34
[2025-08-05 17:42:06.049] [INFO] OrderSummary panel hidden
[2025-08-05 17:42:06.049] [INFO] OrderSummary panel hidden
[2025-08-05 17:42:07.047] [INFO] Found matching symbol: XAUUSD matches XAUUSD.s
[2025-08-05 17:42:07.055] [INFO] OrderSummary panel shown for symbol: XAUUSD.s, Lots: 0,1, Percent: -0,04, Points: -1
[2025-08-05 17:42:07.056] [INFO] OrderSummary panel hidden
[2025-08-05 17:42:07.056] [INFO] OrderSummary panel hidden
[2025-08-05 17:42:07.365] [INFO] Price display panel hidden
[2025-08-05 17:42:07.366] [INFO] Price display panel hidden
[2025-08-05 17:42:07.525] [INFO] Price display panel hidden
[2025-08-05 17:42:07.526] [INFO] Price display panel hidden
[2025-08-05 17:42:08.126] [INFO] Found matching symbol: XAUUSD matches XAUUSD.s
[2025-08-05 17:42:08.133] [INFO] OrderSummary panel shown for symbol: XAUUSD.s, Lots: 0,1, Percent: 0,46, Points: 11
[2025-08-05 17:42:08.135] [INFO] OrderSummary panel hidden
[2025-08-05 17:42:08.135] [INFO] OrderSummary panel hidden
[2025-08-05 17:42:09.043] [INFO] Found matching symbol: XAUUSD matches XAUUSD.s
[2025-08-05 17:42:09.050] [INFO] OrderSummary panel shown for symbol: XAUUSD.s, Lots: 0,1, Percent: 0,61, Points: 15
[2025-08-05 17:42:09.050] [INFO] OrderSummary panel hidden
[2025-08-05 17:42:09.051] [INFO] OrderSummary panel hidden
[2025-08-05 17:42:10.054] [INFO] Found matching symbol: XAUUSD matches XAUUSD.s
[2025-08-05 17:42:10.061] [INFO] OrderSummary panel shown for symbol: XAUUSD.s, Lots: 0,1, Percent: 0,69, Points: 17
[2025-08-05 17:42:10.061] [INFO] OrderSummary panel hidden
[2025-08-05 17:42:10.061] [INFO] OrderSummary panel hidden
[2025-08-05 17:42:11.052] [INFO] Found matching symbol: XAUUSD matches XAUUSD.s
[2025-08-05 17:42:11.061] [INFO] OrderSummary panel shown for symbol: XAUUSD.s, Lots: 0,1, Percent: 0,73, Points: 19
[2025-08-05 17:42:11.062] [INFO] OrderSummary panel hidden
[2025-08-05 17:42:11.064] [INFO] OrderSummary panel hidden
[2025-08-05 17:42:11.374] [INFO] Price display panel hidden
[2025-08-05 17:42:11.374] [INFO] Price display panel hidden
[2025-08-05 17:42:12.078] [INFO] Found matching symbol: XAUUSD matches XAUUSD.s
[2025-08-05 17:42:12.084] [INFO] OrderSummary panel shown for symbol: XAUUSD.s, Lots: 0,1, Percent: 0,46, Points: 11
[2025-08-05 17:42:12.084] [INFO] OrderSummary panel hidden
[2025-08-05 17:42:12.084] [INFO] OrderSummary panel hidden
[2025-08-05 17:42:13.048] [INFO] Found matching symbol: XAUUSD matches XAUUSD.s
[2025-08-05 17:42:13.056] [INFO] OrderSummary panel shown for symbol: XAUUSD.s, Lots: 0,1, Percent: 0,69, Points: 17
[2025-08-05 17:42:13.057] [INFO] OrderSummary panel hidden
[2025-08-05 17:42:13.058] [INFO] OrderSummary panel hidden
[2025-08-05 17:42:13.293] [INFO] Price display panel hidden
[2025-08-05 17:42:13.294] [INFO] Price display panel hidden
[2025-08-05 17:42:13.421] [INFO] Price display panel hidden
[2025-08-05 17:42:13.422] [INFO] Price display panel hidden
[2025-08-05 17:42:14.048] [INFO] Found matching symbol: XAUUSD matches XAUUSD.s
[2025-08-05 17:42:14.055] [INFO] OrderSummary panel shown for symbol: XAUUSD.s, Lots: 0,1, Percent: 0,92, Points: 23
[2025-08-05 17:42:14.055] [INFO] OrderSummary panel hidden
[2025-08-05 17:42:14.055] [INFO] OrderSummary panel hidden
[2025-08-05 17:42:14.838] [INFO] Price display panel hidden
[2025-08-05 17:42:14.839] [INFO] Price display panel hidden
[2025-08-05 17:42:15.045] [INFO] Found matching symbol: XAUUSD matches XAUUSD.s
[2025-08-05 17:42:15.057] [INFO] OrderSummary panel shown for symbol: XAUUSD.s, Lots: 0,1, Percent: 0,23, Points: 5
[2025-08-05 17:42:15.058] [INFO] OrderSummary panel hidden
[2025-08-05 17:42:15.058] [INFO] OrderSummary panel hidden
[2025-08-05 17:42:15.840] [INFO] SetSymbol called for XAUUSD, current broker: Forex
[2025-08-05 17:42:15.841] [INFO] Skipping open symbol command - Forex broker selected
[2025-08-05 17:42:15.841] [INFO] OrderSummary panel hidden
[2025-08-05 17:42:15.841] [INFO] Price display panel hidden
[2025-08-05 17:42:15.841] [INFO] Loaded settings for HandleID 262848: Risk=30, Duration=2, Broker=Forex
[2025-08-05 17:42:15.841] [INFO] SetSymbol called for XAUUSD, current broker: Forex
[2025-08-05 17:42:15.841] [INFO] Skipping open symbol command - Forex broker selected
[2025-08-05 17:42:15.842] [INFO] OrderSummary panel hidden
[2025-08-05 17:42:15.842] [INFO] Price display panel hidden
[2025-08-05 17:42:15.842] [INFO] Loaded settings for HandleID 262848: Risk=30, Duration=2, Broker=Forex
[2025-08-05 17:42:16.247] [INFO] Found matching symbol: XAUUSD matches XAUUSD.s
[2025-08-05 17:42:16.254] [INFO] OrderSummary panel shown for symbol: XAUUSD.s, Lots: 0,1, Percent: 0,46, Points: 11
[2025-08-05 17:42:16.255] [INFO] OrderSummary panel hidden
[2025-08-05 17:42:16.255] [INFO] OrderSummary panel hidden
[2025-08-05 17:42:17.051] [INFO] Found matching symbol: XAUUSD matches XAUUSD.s
[2025-08-05 17:42:17.057] [INFO] OrderSummary panel shown for symbol: XAUUSD.s, Lots: 0,1, Percent: 0,65, Points: 17
[2025-08-05 17:42:17.058] [INFO] OrderSummary panel hidden
[2025-08-05 17:42:17.059] [INFO] OrderSummary panel hidden
[2025-08-05 17:42:18.047] [INFO] Found matching symbol: XAUUSD matches XAUUSD.s
[2025-08-05 17:42:18.055] [INFO] OrderSummary panel shown for symbol: XAUUSD.s, Lots: 0,1, Percent: 0,61, Points: 15
[2025-08-05 17:42:18.056] [INFO] OrderSummary panel hidden
[2025-08-05 17:42:18.056] [INFO] OrderSummary panel hidden
[2025-08-05 17:42:19.043] [INFO] Found matching symbol: XAUUSD matches XAUUSD.s
[2025-08-05 17:42:19.051] [INFO] OrderSummary panel shown for symbol: XAUUSD.s, Lots: 0,1, Percent: 0,57, Points: 15
[2025-08-05 17:42:19.051] [INFO] OrderSummary panel hidden
[2025-08-05 17:42:19.051] [INFO] OrderSummary panel hidden
[2025-08-05 17:42:20.117] [INFO] Found matching symbol: XAUUSD matches XAUUSD.s
[2025-08-05 17:42:20.125] [INFO] OrderSummary panel shown for symbol: XAUUSD.s, Lots: 0,1, Percent: 0,57, Points: 15
[2025-08-05 17:42:20.125] [INFO] OrderSummary panel hidden
[2025-08-05 17:42:20.125] [INFO] OrderSummary panel hidden
[2025-08-05 17:42:21.070] [INFO] Found matching symbol: XAUUSD matches XAUUSD.s
[2025-08-05 17:42:21.077] [INFO] OrderSummary panel shown for symbol: XAUUSD.s, Lots: 0,1, Percent: 0,99, Points: 26
[2025-08-05 17:42:21.077] [INFO] OrderSummary panel hidden
[2025-08-05 17:42:21.078] [INFO] OrderSummary panel hidden
[2025-08-05 17:42:21.680] [INFO] SetEntryLevel called: 3361,23974 for XAUUSD
[2025-08-05 17:42:21.681] [INFO] Price display updated: Entry=3361,23974, StopLoss=0,00000, TradeType=Waiting for Stop Loss
[2025-08-05 17:42:21.682] [INFO] Entry Level set successfully: 3361,23974 for XAUUSD
[2025-08-05 17:42:22.078] [INFO] Found matching symbol: XAUUSD matches XAUUSD.s
[2025-08-05 17:42:22.094] [INFO] Price display panel hidden
[2025-08-05 17:42:22.094] [INFO] Price display panel hidden
[2025-08-05 17:42:22.095] [INFO] OrderSummary panel shown for symbol: XAUUSD.s, Lots: 0,1, Percent: 1,03, Points: 26
[2025-08-05 17:42:22.095] [INFO] OrderSummary panel hidden
[2025-08-05 17:42:22.096] [INFO] OrderSummary panel hidden
[2025-08-05 17:42:22.225] [INFO] Price display panel hidden
[2025-08-05 17:42:22.226] [INFO] Price display panel hidden
[2025-08-05 17:42:23.048] [INFO] Found matching symbol: XAUUSD matches XAUUSD.s
[2025-08-05 17:42:23.054] [INFO] OrderSummary panel shown for symbol: XAUUSD.s, Lots: 0,1, Percent: 1,15, Points: 30
[2025-08-05 17:42:23.055] [INFO] OrderSummary panel hidden
[2025-08-05 17:42:23.055] [INFO] OrderSummary panel hidden
[2025-08-05 17:42:24.051] [INFO] Found matching symbol: XAUUSD matches XAUUSD.s
[2025-08-05 17:42:24.058] [INFO] OrderSummary panel shown for symbol: XAUUSD.s, Lots: 0,1, Percent: 0,96, Points: 25
[2025-08-05 17:42:24.059] [INFO] OrderSummary panel hidden
[2025-08-05 17:42:24.059] [INFO] OrderSummary panel hidden
[2025-08-05 17:42:25.063] [INFO] Found matching symbol: XAUUSD matches XAUUSD.s
[2025-08-05 17:42:25.072] [INFO] OrderSummary panel shown for symbol: XAUUSD.s, Lots: 0,1, Percent: 1,18, Points: 30
[2025-08-05 17:42:25.072] [INFO] OrderSummary panel hidden
[2025-08-05 17:42:25.072] [INFO] OrderSummary panel hidden
[2025-08-05 17:42:26.038] [INFO] Found matching symbol: XAUUSD matches XAUUSD.s
[2025-08-05 17:42:26.045] [INFO] OrderSummary panel shown for symbol: XAUUSD.s, Lots: 0,1, Percent: 0,92, Points: 23
[2025-08-05 17:42:26.045] [INFO] OrderSummary panel hidden
[2025-08-05 17:42:26.045] [INFO] OrderSummary panel hidden
[2025-08-05 17:42:27.040] [INFO] Found matching symbol: XAUUSD matches XAUUSD.s
[2025-08-05 17:42:27.048] [INFO] OrderSummary panel shown for symbol: XAUUSD.s, Lots: 0,1, Percent: 1,11, Points: 28
[2025-08-05 17:42:27.048] [INFO] OrderSummary panel hidden
[2025-08-05 17:42:27.048] [INFO] OrderSummary panel hidden
[2025-08-05 17:42:28.052] [INFO] Found matching symbol: XAUUSD matches XAUUSD.s
[2025-08-05 17:42:28.059] [INFO] OrderSummary panel shown for symbol: XAUUSD.s, Lots: 0,1, Percent: 0,84, Points: 21
[2025-08-05 17:42:28.060] [INFO] OrderSummary panel hidden
[2025-08-05 17:42:28.060] [INFO] OrderSummary panel hidden
[2025-08-05 17:42:29.075] [INFO] Found matching symbol: XAUUSD matches XAUUSD.s
[2025-08-05 17:42:29.081] [INFO] OrderSummary panel shown for symbol: XAUUSD.s, Lots: 0,1, Percent: 0,88, Points: 23
[2025-08-05 17:42:29.081] [INFO] OrderSummary panel hidden
[2025-08-05 17:42:29.083] [INFO] OrderSummary panel hidden
[2025-08-05 17:42:29.125] [INFO] Price display panel hidden
[2025-08-05 17:42:29.126] [INFO] Price display panel hidden
[2025-08-05 17:42:29.269] [INFO] Price display panel hidden
[2025-08-05 17:42:29.270] [INFO] Price display panel hidden
[2025-08-05 17:42:30.079] [INFO] Found matching symbol: XAUUSD matches XAUUSD.s
[2025-08-05 17:42:30.085] [INFO] OrderSummary panel shown for symbol: XAUUSD.s, Lots: 0,1, Percent: 0,46, Points: 11
[2025-08-05 17:42:30.087] [INFO] OrderSummary panel hidden
[2025-08-05 17:42:30.087] [INFO] OrderSummary panel hidden
[2025-08-05 17:42:31.090] [INFO] Found matching symbol: XAUUSD matches XAUUSD.s
[2025-08-05 17:42:31.097] [INFO] OrderSummary panel shown for symbol: XAUUSD.s, Lots: 0,1, Percent: -0,31, Points: -7
[2025-08-05 17:42:31.097] [INFO] OrderSummary panel hidden
[2025-08-05 17:42:31.097] [INFO] OrderSummary panel hidden
[2025-08-05 17:42:32.053] [INFO] Found matching symbol: XAUUSD matches XAUUSD.s
[2025-08-05 17:42:32.059] [INFO] OrderSummary panel shown for symbol: XAUUSD.s, Lots: 0,1, Percent: -0,11, Points: -3
[2025-08-05 17:42:32.061] [INFO] OrderSummary panel hidden
[2025-08-05 17:42:32.062] [INFO] OrderSummary panel hidden
[2025-08-05 17:42:33.041] [INFO] Found matching symbol: XAUUSD matches XAUUSD.s
[2025-08-05 17:42:33.048] [INFO] OrderSummary panel shown for symbol: XAUUSD.s, Lots: 0,1, Percent: 0,23, Points: 5
[2025-08-05 17:42:33.049] [INFO] OrderSummary panel hidden
[2025-08-05 17:42:33.049] [INFO] OrderSummary panel hidden
[2025-08-05 17:42:34.049] [INFO] Found matching symbol: XAUUSD matches XAUUSD.s
[2025-08-05 17:42:34.059] [INFO] OrderSummary panel shown for symbol: XAUUSD.s, Lots: 0,1, Percent: -0,27, Points: -7
[2025-08-05 17:42:34.061] [INFO] OrderSummary panel hidden
[2025-08-05 17:42:34.061] [INFO] OrderSummary panel hidden
[2025-08-05 17:42:35.047] [INFO] Found matching symbol: XAUUSD matches XAUUSD.s
[2025-08-05 17:42:35.053] [INFO] OrderSummary panel shown for symbol: XAUUSD.s, Lots: 0,1, Percent: -0,31, Points: -7
[2025-08-05 17:42:35.055] [INFO] OrderSummary panel hidden
[2025-08-05 17:42:35.055] [INFO] OrderSummary panel hidden
[2025-08-05 17:42:36.042] [INFO] Found matching symbol: XAUUSD matches XAUUSD.s
[2025-08-05 17:42:36.049] [INFO] OrderSummary panel shown for symbol: XAUUSD.s, Lots: 0,1, Percent: -0,27, Points: -7
[2025-08-05 17:42:36.050] [INFO] OrderSummary panel hidden
[2025-08-05 17:42:36.050] [INFO] OrderSummary panel hidden
[2025-08-05 17:42:37.062] [INFO] Found matching symbol: XAUUSD matches XAUUSD.s
[2025-08-05 17:42:37.069] [INFO] OrderSummary panel shown for symbol: XAUUSD.s, Lots: 0,1, Percent: -0,31, Points: -7
[2025-08-05 17:42:37.069] [INFO] OrderSummary panel hidden
[2025-08-05 17:42:37.070] [INFO] OrderSummary panel hidden
[2025-08-05 17:42:38.050] [INFO] Found matching symbol: XAUUSD matches XAUUSD.s
[2025-08-05 17:42:38.056] [INFO] OrderSummary panel shown for symbol: XAUUSD.s, Lots: 0,1, Percent: -0,31, Points: -7
[2025-08-05 17:42:38.056] [INFO] OrderSummary panel hidden
[2025-08-05 17:42:38.056] [INFO] OrderSummary panel hidden
[2025-08-05 17:42:39.052] [INFO] Found matching symbol: XAUUSD matches XAUUSD.s
[2025-08-05 17:42:39.060] [INFO] OrderSummary panel shown for symbol: XAUUSD.s, Lots: 0,1, Percent: -0,27, Points: -7
[2025-08-05 17:42:39.060] [INFO] OrderSummary panel hidden
[2025-08-05 17:42:39.060] [INFO] OrderSummary panel hidden
[2025-08-05 17:42:40.050] [INFO] Found matching symbol: XAUUSD matches XAUUSD.s
[2025-08-05 17:42:40.058] [INFO] OrderSummary panel shown for symbol: XAUUSD.s, Lots: 0,1, Percent: -0,34, Points: -9
[2025-08-05 17:42:40.058] [INFO] OrderSummary panel hidden
[2025-08-05 17:42:40.058] [INFO] OrderSummary panel hidden
[2025-08-05 17:42:41.044] [INFO] Found matching symbol: XAUUSD matches XAUUSD.s
[2025-08-05 17:42:41.051] [INFO] OrderSummary panel shown for symbol: XAUUSD.s, Lots: 0,1, Percent: -0,19, Points: -5
[2025-08-05 17:42:41.052] [INFO] OrderSummary panel hidden
[2025-08-05 17:42:41.053] [INFO] OrderSummary panel hidden
[2025-08-05 17:42:42.167] [INFO] Found matching symbol: XAUUSD matches XAUUSD.s
[2025-08-05 17:42:42.174] [INFO] OrderSummary panel shown for symbol: XAUUSD.s, Lots: 0,1, Percent: -0,19, Points: -5
[2025-08-05 17:42:42.174] [INFO] OrderSummary panel hidden
[2025-08-05 17:42:42.174] [INFO] OrderSummary panel hidden
[2025-08-05 17:42:43.051] [INFO] Found matching symbol: XAUUSD matches XAUUSD.s
[2025-08-05 17:42:43.058] [INFO] OrderSummary panel shown for symbol: XAUUSD.s, Lots: 0,1, Percent: -0,08, Points: -1
[2025-08-05 17:42:43.060] [INFO] OrderSummary panel hidden
[2025-08-05 17:42:43.061] [INFO] OrderSummary panel hidden
[2025-08-05 17:42:44.079] [INFO] Found matching symbol: XAUUSD matches XAUUSD.s
[2025-08-05 17:42:44.086] [INFO] OrderSummary panel shown for symbol: XAUUSD.s, Lots: 0,1, Percent: -0,19, Points: -5
[2025-08-05 17:42:44.086] [INFO] OrderSummary panel hidden
[2025-08-05 17:42:44.086] [INFO] OrderSummary panel hidden
[2025-08-05 17:42:45.053] [INFO] Found matching symbol: XAUUSD matches XAUUSD.s
[2025-08-05 17:42:45.060] [INFO] OrderSummary panel shown for symbol: XAUUSD.s, Lots: 0,1, Percent: -0,15, Points: -3
[2025-08-05 17:42:45.062] [INFO] OrderSummary panel hidden
[2025-08-05 17:42:45.062] [INFO] OrderSummary panel hidden
[2025-08-05 17:42:46.042] [INFO] Found matching symbol: XAUUSD matches XAUUSD.s
[2025-08-05 17:42:46.050] [INFO] OrderSummary panel shown for symbol: XAUUSD.s, Lots: 0,1, Percent: -0,27, Points: -7
[2025-08-05 17:42:46.052] [INFO] OrderSummary panel hidden
[2025-08-05 17:42:46.052] [INFO] OrderSummary panel hidden
[2025-08-05 17:42:47.047] [INFO] Found matching symbol: XAUUSD matches XAUUSD.s
[2025-08-05 17:42:47.053] [INFO] OrderSummary panel shown for symbol: XAUUSD.s, Lots: 0,1, Percent: -0,69, Points: -17
[2025-08-05 17:42:47.055] [INFO] OrderSummary panel hidden
[2025-08-05 17:42:47.055] [INFO] OrderSummary panel hidden
[2025-08-05 17:42:48.052] [INFO] Found matching symbol: XAUUSD matches XAUUSD.s
[2025-08-05 17:42:48.059] [INFO] OrderSummary panel shown for symbol: XAUUSD.s, Lots: 0,1, Percent: -1,49, Points: -38
[2025-08-05 17:42:48.060] [INFO] OrderSummary panel hidden
[2025-08-05 17:42:48.061] [INFO] OrderSummary panel hidden
[2025-08-05 17:42:49.062] [INFO] Found matching symbol: XAUUSD matches XAUUSD.s
[2025-08-05 17:42:49.069] [INFO] OrderSummary panel shown for symbol: XAUUSD.s, Lots: 0,1, Percent: -2,67, Points: -69
[2025-08-05 17:42:49.069] [INFO] OrderSummary panel hidden
[2025-08-05 17:42:49.069] [INFO] OrderSummary panel hidden
[2025-08-05 17:42:50.041] [INFO] Found matching symbol: XAUUSD matches XAUUSD.s
[2025-08-05 17:42:50.048] [INFO] OrderSummary panel shown for symbol: XAUUSD.s, Lots: 0,1, Percent: -3,09, Points: -80
[2025-08-05 17:42:50.049] [INFO] OrderSummary panel hidden
[2025-08-05 17:42:50.050] [INFO] OrderSummary panel hidden
[2025-08-05 17:42:51.044] [INFO] Found matching symbol: XAUUSD matches XAUUSD.s
[2025-08-05 17:42:51.051] [INFO] OrderSummary panel shown for symbol: XAUUSD.s, Lots: 0,1, Percent: -2,64, Points: -69
[2025-08-05 17:42:51.051] [INFO] OrderSummary panel hidden
[2025-08-05 17:42:51.052] [INFO] OrderSummary panel hidden
[2025-08-05 17:42:52.048] [INFO] Found matching symbol: XAUUSD matches XAUUSD.s
[2025-08-05 17:42:52.055] [INFO] OrderSummary panel shown for symbol: XAUUSD.s, Lots: 0,1, Percent: -2,79, Points: -73
[2025-08-05 17:42:52.056] [INFO] OrderSummary panel hidden
[2025-08-05 17:42:52.056] [INFO] OrderSummary panel hidden
[2025-08-05 17:42:53.043] [INFO] Found matching symbol: XAUUSD matches XAUUSD.s
[2025-08-05 17:42:53.050] [INFO] OrderSummary panel shown for symbol: XAUUSD.s, Lots: 0,1, Percent: -2,79, Points: -73
[2025-08-05 17:42:53.050] [INFO] OrderSummary panel hidden
[2025-08-05 17:42:53.050] [INFO] OrderSummary panel hidden
[2025-08-05 17:42:54.055] [INFO] Found matching symbol: XAUUSD matches XAUUSD.s
[2025-08-05 17:42:54.061] [INFO] OrderSummary panel shown for symbol: XAUUSD.s, Lots: 0,1, Percent: -2,44, Points: -63
[2025-08-05 17:42:54.063] [INFO] OrderSummary panel hidden
[2025-08-05 17:42:54.063] [INFO] OrderSummary panel hidden
[2025-08-05 17:42:55.049] [INFO] Found matching symbol: XAUUSD matches XAUUSD.s
[2025-08-05 17:42:55.055] [INFO] OrderSummary panel shown for symbol: XAUUSD.s, Lots: 0,1, Percent: -2,37, Points: -61
[2025-08-05 17:42:55.057] [INFO] OrderSummary panel hidden
[2025-08-05 17:42:55.057] [INFO] OrderSummary panel hidden
[2025-08-05 17:42:56.044] [INFO] Found matching symbol: XAUUSD matches XAUUSD.s
[2025-08-05 17:42:56.051] [INFO] OrderSummary panel shown for symbol: XAUUSD.s, Lots: 0,1, Percent: -1,91, Points: -50
[2025-08-05 17:42:56.052] [INFO] OrderSummary panel hidden
[2025-08-05 17:42:56.052] [INFO] OrderSummary panel hidden
[2025-08-05 17:42:57.042] [INFO] Found matching symbol: XAUUSD matches XAUUSD.s
[2025-08-05 17:42:57.050] [INFO] OrderSummary panel shown for symbol: XAUUSD.s, Lots: 0,1, Percent: -2,06, Points: -53
[2025-08-05 17:42:57.052] [INFO] OrderSummary panel hidden
[2025-08-05 17:42:57.052] [INFO] OrderSummary panel hidden
[2025-08-05 17:42:58.053] [INFO] Found matching symbol: XAUUSD matches XAUUSD.s
[2025-08-05 17:42:58.060] [INFO] OrderSummary panel shown for symbol: XAUUSD.s, Lots: 0,1, Percent: -2,18, Points: -57
[2025-08-05 17:42:58.062] [INFO] OrderSummary panel hidden
[2025-08-05 17:42:58.062] [INFO] OrderSummary panel hidden
[2025-08-05 17:42:59.053] [INFO] Found matching symbol: XAUUSD matches XAUUSD.s
[2025-08-05 17:42:59.059] [INFO] OrderSummary panel shown for symbol: XAUUSD.s, Lots: 0,1, Percent: -1,68, Points: -44
[2025-08-05 17:42:59.061] [INFO] OrderSummary panel hidden
[2025-08-05 17:42:59.061] [INFO] OrderSummary panel hidden
[2025-08-05 17:43:00.044] [INFO] Found matching symbol: XAUUSD matches XAUUSD.s
[2025-08-05 17:43:00.051] [INFO] OrderSummary panel shown for symbol: XAUUSD.s, Lots: 0,1, Percent: -1,68, Points: -44
[2025-08-05 17:43:00.051] [INFO] OrderSummary panel hidden
[2025-08-05 17:43:00.052] [INFO] OrderSummary panel hidden
[2025-08-05 17:43:01.041] [INFO] Found matching symbol: XAUUSD matches XAUUSD.s
[2025-08-05 17:43:01.048] [INFO] OrderSummary panel shown for symbol: XAUUSD.s, Lots: 0,1, Percent: -1,26, Points: -32
[2025-08-05 17:43:01.049] [INFO] OrderSummary panel hidden
[2025-08-05 17:43:01.050] [INFO] OrderSummary panel hidden
[2025-08-05 17:43:02.049] [INFO] Found matching symbol: XAUUSD matches XAUUSD.s
[2025-08-05 17:43:02.057] [INFO] OrderSummary panel shown for symbol: XAUUSD.s, Lots: 0,1, Percent: -1,64, Points: -42
[2025-08-05 17:43:02.059] [INFO] OrderSummary panel hidden
[2025-08-05 17:43:02.059] [INFO] OrderSummary panel hidden
[2025-08-05 17:43:03.123] [INFO] Found matching symbol: XAUUSD matches XAUUSD.s
[2025-08-05 17:43:03.129] [INFO] OrderSummary panel shown for symbol: XAUUSD.s, Lots: 0,1, Percent: -1,53, Points: -40
[2025-08-05 17:43:03.131] [INFO] OrderSummary panel hidden
[2025-08-05 17:43:03.131] [INFO] OrderSummary panel hidden
[2025-08-05 17:43:04.052] [INFO] Found matching symbol: XAUUSD matches XAUUSD.s
[2025-08-05 17:43:04.059] [INFO] OrderSummary panel shown for symbol: XAUUSD.s, Lots: 0,1, Percent: -1,99, Points: -51
[2025-08-05 17:43:04.059] [INFO] OrderSummary panel hidden
[2025-08-05 17:43:04.059] [INFO] OrderSummary panel hidden
[2025-08-05 17:43:05.044] [INFO] Found matching symbol: XAUUSD matches XAUUSD.s
[2025-08-05 17:43:05.051] [INFO] OrderSummary panel shown for symbol: XAUUSD.s, Lots: 0,1, Percent: -1,91, Points: -50
[2025-08-05 17:43:05.051] [INFO] OrderSummary panel hidden
[2025-08-05 17:43:05.051] [INFO] OrderSummary panel hidden
[2025-08-05 17:43:06.041] [INFO] Found matching symbol: XAUUSD matches XAUUSD.s
[2025-08-05 17:43:06.049] [INFO] OrderSummary panel shown for symbol: XAUUSD.s, Lots: 0,1, Percent: -2,06, Points: -53
[2025-08-05 17:43:06.050] [INFO] OrderSummary panel hidden
[2025-08-05 17:43:06.050] [INFO] OrderSummary panel hidden
[2025-08-05 17:43:07.053] [INFO] Found matching symbol: XAUUSD matches XAUUSD.s
[2025-08-05 17:43:07.059] [INFO] OrderSummary panel shown for symbol: XAUUSD.s, Lots: 0,1, Percent: -1,87, Points: -48
[2025-08-05 17:43:07.061] [INFO] OrderSummary panel hidden
[2025-08-05 17:43:07.061] [INFO] OrderSummary panel hidden
[2025-08-05 17:43:08.051] [INFO] Found matching symbol: XAUUSD matches XAUUSD.s
[2025-08-05 17:43:08.057] [INFO] OrderSummary panel shown for symbol: XAUUSD.s, Lots: 0,1, Percent: -1,87, Points: -48
[2025-08-05 17:43:08.058] [INFO] OrderSummary panel hidden
[2025-08-05 17:43:08.058] [INFO] OrderSummary panel hidden
[2025-08-05 17:43:09.044] [INFO] Found matching symbol: XAUUSD matches XAUUSD.s
[2025-08-05 17:43:09.051] [INFO] OrderSummary panel shown for symbol: XAUUSD.s, Lots: 0,1, Percent: -1,8, Points: -46
[2025-08-05 17:43:09.051] [INFO] OrderSummary panel hidden
[2025-08-05 17:43:09.051] [INFO] OrderSummary panel hidden
[2025-08-05 17:43:10.039] [INFO] Found matching symbol: XAUUSD matches XAUUSD.s
[2025-08-05 17:43:10.046] [INFO] OrderSummary panel shown for symbol: XAUUSD.s, Lots: 0,1, Percent: -1,8, Points: -46
[2025-08-05 17:43:10.046] [INFO] OrderSummary panel hidden
[2025-08-05 17:43:10.046] [INFO] OrderSummary panel hidden
[2025-08-05 17:43:11.049] [INFO] Found matching symbol: XAUUSD matches XAUUSD.s
[2025-08-05 17:43:11.055] [INFO] OrderSummary panel shown for symbol: XAUUSD.s, Lots: 0,1, Percent: -3,48, Points: -90
[2025-08-05 17:43:11.056] [INFO] OrderSummary panel hidden
[2025-08-05 17:43:11.056] [INFO] OrderSummary panel hidden
[2025-08-05 17:43:12.083] [INFO] Found matching symbol: XAUUSD matches XAUUSD.s
[2025-08-05 17:43:12.089] [INFO] OrderSummary panel shown for symbol: XAUUSD.s, Lots: 0,1, Percent: -2,64, Points: -69
[2025-08-05 17:43:12.090] [INFO] OrderSummary panel hidden
[2025-08-05 17:43:12.091] [INFO] OrderSummary panel hidden
[2025-08-05 17:43:13.054] [INFO] Found matching symbol: XAUUSD matches XAUUSD.s
[2025-08-05 17:43:13.063] [INFO] OrderSummary panel shown for symbol: XAUUSD.s, Lots: 0,1, Percent: -3,13, Points: -82
[2025-08-05 17:43:13.065] [INFO] OrderSummary panel hidden
[2025-08-05 17:43:13.065] [INFO] OrderSummary panel hidden
[2025-08-05 17:43:14.043] [INFO] Found matching symbol: XAUUSD matches XAUUSD.s
[2025-08-05 17:43:14.049] [INFO] OrderSummary panel shown for symbol: XAUUSD.s, Lots: 0,1, Percent: -2,87, Points: -75
[2025-08-05 17:43:14.051] [INFO] OrderSummary panel hidden
[2025-08-05 17:43:14.051] [INFO] OrderSummary panel hidden
[2025-08-05 17:43:15.048] [INFO] Found matching symbol: XAUUSD matches XAUUSD.s
[2025-08-05 17:43:15.054] [INFO] OrderSummary panel shown for symbol: XAUUSD.s, Lots: 0,1, Percent: -2,75, Points: -71
[2025-08-05 17:43:15.056] [INFO] OrderSummary panel hidden
[2025-08-05 17:43:15.056] [INFO] OrderSummary panel hidden
[2025-08-05 17:43:16.051] [INFO] Found matching symbol: XAUUSD matches XAUUSD.s
[2025-08-05 17:43:16.064] [INFO] OrderSummary panel shown for symbol: XAUUSD.s, Lots: 0,1, Percent: -3,06, Points: -80
[2025-08-05 17:43:16.064] [INFO] OrderSummary panel hidden
[2025-08-05 17:43:16.065] [INFO] OrderSummary panel hidden
[2025-08-05 17:43:17.045] [INFO] Found matching symbol: XAUUSD matches XAUUSD.s
[2025-08-05 17:43:17.052] [INFO] OrderSummary panel shown for symbol: XAUUSD.s, Lots: 0,1, Percent: -3,09, Points: -80
[2025-08-05 17:43:17.052] [INFO] OrderSummary panel hidden
[2025-08-05 17:43:17.052] [INFO] OrderSummary panel hidden
[2025-08-05 17:43:18.039] [INFO] Found matching symbol: XAUUSD matches XAUUSD.s
[2025-08-05 17:43:18.046] [INFO] OrderSummary panel shown for symbol: XAUUSD.s, Lots: 0,1, Percent: -3,29, Points: -86
[2025-08-05 17:43:18.047] [INFO] OrderSummary panel hidden
[2025-08-05 17:43:18.047] [INFO] OrderSummary panel hidden
[2025-08-05 17:43:19.043] [INFO] Found matching symbol: XAUUSD matches XAUUSD.s
[2025-08-05 17:43:19.051] [INFO] OrderSummary panel shown for symbol: XAUUSD.s, Lots: 0,1, Percent: -3,21, Points: -84
[2025-08-05 17:43:19.053] [INFO] OrderSummary panel hidden
[2025-08-05 17:43:19.053] [INFO] OrderSummary panel hidden
[2025-08-05 17:43:20.044] [INFO] Found matching symbol: XAUUSD matches XAUUSD.s
[2025-08-05 17:43:20.051] [INFO] OrderSummary panel shown for symbol: XAUUSD.s, Lots: 0,1, Percent: -3,21, Points: -84
[2025-08-05 17:43:20.051] [INFO] OrderSummary panel hidden
[2025-08-05 17:43:20.051] [INFO] OrderSummary panel hidden
[2025-08-05 17:43:21.108] [INFO] Found matching symbol: XAUUSD matches XAUUSD.s
[2025-08-05 17:43:21.115] [INFO] OrderSummary panel shown for symbol: XAUUSD.s, Lots: 0,1, Percent: -4,39, Points: -115
[2025-08-05 17:43:21.117] [INFO] OrderSummary panel hidden
[2025-08-05 17:43:21.118] [INFO] OrderSummary panel hidden
[2025-08-05 17:43:22.052] [INFO] Found matching symbol: XAUUSD matches XAUUSD.s
[2025-08-05 17:43:22.058] [INFO] OrderSummary panel shown for symbol: XAUUSD.s, Lots: 0,1, Percent: -4,05, Points: -105
[2025-08-05 17:43:22.058] [INFO] OrderSummary panel hidden
[2025-08-05 17:43:22.059] [INFO] OrderSummary panel hidden
[2025-08-05 17:43:23.045] [INFO] Found matching symbol: XAUUSD matches XAUUSD.s
[2025-08-05 17:43:23.051] [INFO] OrderSummary panel shown for symbol: XAUUSD.s, Lots: 0,1, Percent: -3,44, Points: -90
[2025-08-05 17:43:23.052] [INFO] OrderSummary panel hidden
[2025-08-05 17:43:23.052] [INFO] OrderSummary panel hidden
[2025-08-05 17:43:24.043] [INFO] Found matching symbol: XAUUSD matches XAUUSD.s
[2025-08-05 17:43:24.052] [INFO] OrderSummary panel shown for symbol: XAUUSD.s, Lots: 0,1, Percent: -2,14, Points: -55
[2025-08-05 17:43:24.054] [INFO] OrderSummary panel hidden
[2025-08-05 17:43:24.054] [INFO] OrderSummary panel hidden
[2025-08-05 17:43:25.053] [INFO] Found matching symbol: XAUUSD matches XAUUSD.s
[2025-08-05 17:43:25.061] [INFO] OrderSummary panel shown for symbol: XAUUSD.s, Lots: 0,1, Percent: -1,6, Points: -42
[2025-08-05 17:43:25.061] [INFO] OrderSummary panel hidden
[2025-08-05 17:43:25.061] [INFO] OrderSummary panel hidden
[2025-08-05 17:43:26.078] [INFO] Found matching symbol: XAUUSD matches XAUUSD.s
[2025-08-05 17:43:26.085] [INFO] OrderSummary panel shown for symbol: XAUUSD.s, Lots: 0,1, Percent: -1,57, Points: -40
[2025-08-05 17:43:26.087] [INFO] OrderSummary panel hidden
[2025-08-05 17:43:26.087] [INFO] OrderSummary panel hidden
[2025-08-05 17:43:27.043] [INFO] Found matching symbol: XAUUSD matches XAUUSD.s
[2025-08-05 17:43:27.056] [INFO] OrderSummary panel shown for symbol: XAUUSD.s, Lots: 0,1, Percent: -1,22, Points: -32
[2025-08-05 17:43:27.056] [INFO] OrderSummary panel hidden
[2025-08-05 17:43:27.057] [INFO] OrderSummary panel hidden
